compound_name,pubchem_id,smiles,condA_pvalue,condA_effectsize,condB_pvalue,condB_effectsize,condC_pvalue,condC_effectsize
"1,2-propanediol",1030,CC(CO)O,0.061206874,0.736380825,0.000778789,0.547315373,0.448205821,0.817770599
"1,3-dihydroxyacetone",670,C(C(=O)CO)O,0.070486499,1.25321782,0.009464978,1.121572471,0.513331898,0.931638323
"1,5-anhydroglucitol (1,5-AG)",64960,C1[C@@H]([C@H]([C@@H]([C@H](O1)CO)O)O)O,0.430279421,1.056945225,0.018857189,1.203360033,0.364907645,1.068766768
10-heptadecenoate (17:1n7),5312435,CCCCCC/C=C\CCCCCCCCC(=O)O,0.060838451,1.186916225,0.210684887,0.904355833,0.341342537,1.049864851
10-nonadecenoate (19:1n9),5312513,CCCCCCCC/C=C\CCCCCCCCC(=O)O,0.762283859,1.030735384,0.244529614,0.94058923,0.296629529,1.141063707
13-HODE + 9-HODE,6443013,CCCCC[C@@H](/C=C/C=C\CCCCCCCC(=O)O)O,0.085174795,0.822456919,0.312562004,0.875263575,0.269339261,1.105086919
16-hydroxypalmitate,7058075,C(CCCCCCCC(=O)[O-])CCCCCCCO,0.065158219,1.143459964,0.361172382,0.956175678,0.847000711,0.988118511
1-arachidonoylglycerophosphocholine*,52924038,CCCCC/C=C\C/C=C\C/C=C\C/C=C\CCCC(=O)O[C@H](CO)COP(=O)([O-])OCC[N+](C)(C)C,0.669815481,1.069250413,0.459873196,1.094669806,0.002178373,0.759005072
1-arachidonoylglycerophosphoethanolamine*,42607465,CCCCC/C=C\C/C=C\C/C=C\C/C=C\CCCC(=O)OC[C@H](COP(=O)(O)OCCN)O,0.113342066,1.360513979,0.527028557,1.196369969,0.139490337,1.569894098
1-arachidonoylglycerophosphoinositol*,42607497,CCCCC/C=C\C/C=C\C/C=C\C/C=C\CCCC(=O)OC[C@H](COP(=O)(O)OC1C([C@@H](C(C(C1O)O)O)O)O)O,0.166066706,0.730536942,0.634594084,0.964746318,0.535973742,0.889757202
1-arachidonylglycerol,5282280,CCCCC/C=C\C/C=C\C/C=C\C/C=C\CCCC(=O)OC(CO)CO,0.23382667,1.642619383,0.84561299,0.976258863,0.822280615,1.048779514
1-docosahexaenoylglycerophosphocholine*,10415542,CC/C=C\C/C=C\C/C=C\C/C=C\C/C=C\C/C=C\CCC(=O)OC[C@H](COP(=O)([O-])OCC[N+](C)(C)C)O,0.883716821,1.060494529,0.928713375,0.953114518,0.313138192,1.594375325
1-heptadecanoylglycerophosphocholine,24779463,CCCCCCCCCCCCCCCCC(=O)OC[C@H](COP(=O)([O-])OCC[N+](C)(C)C)O,0.191730623,1.153556313,0.962688688,0.998581651,0.203699696,5.710013186
1-heptadecanoylglycerophosphoethanolamine*,52925149,CCCCCCCCCCCCCCCCC(=O)OC[C@H](COP(=O)(O)OCCN)O,0.863917604,1.020531637,0.589688087,1.051988027,0.890281052,0.983627741
1-linoleoylglycerol (1-monolinolein),5283469,CCCCC/C=C\C/C=C\CCCCCCCC(=O)OCC(CO)O,0.124870574,3.651175691,0.199372494,3.46965267,0.481844112,1.783781214
1-linoleoylglycerophosphocholine,11988421,CCCCC/C=C\C/C=C\CCCCCCCC(=O)OCC(COP(=O)([O-])OCC[N+](C)(C)C)O,0.130410266,1.449539091,0.312262722,0.510301789,0.780108772,1.140994139
1-linoleoylglycerophosphoethanolamine*,24779467,CCCCCCCCCCCCC/C=C/C=C/C(=O)OC[C@H](COP(=O)([O-])OCC[N+](C)(C)C)O,0.872084546,0.982769736,0.437660477,1.118721793,0.031881136,0.738597847
1-methylimidazoleacetate,75810,CN1C=C(N=C1)CC(=O)O,0.81921408,0.922256805,0.683324877,0.940626791,0.118975832,1.170576179
1-myristoylglycerophosphocholine,460604,CCCCCCCCCCCCCC(=O)OC[C@H](COP(=O)([O-])OCC[N+](C)(C)C)O,0.062185077,0.717645537,0.141545526,0.740558497,0.724893787,1.15861322
1-myristoylglycerophosphoethanolamine,86583448,CCCCCCCCCCCCCC(=O)OC[C@H](COP(=O)([O-])OCC[NH3+])O,0.173208119,2.500584541,0.202295183,4.703444855,0.206428763,4.262481643
1-oleoylglycerol (1-monoolein),5283468,CCCCCCCC/C=C\CCCCCCCC(=O)OCC(CO)O,0.538909855,0.805096281,0.218883544,0.781309905,0.998706546,1.000744115
1-oleoylglycerophosphocholine,6449974,CCCCCCCC/C=C\CCCCCCCC(=O)OCC(COP(=O)([O-])OCC[N+](C)(C)C)O,0.11461919,0.922747413,0.228014585,1.094631834,0.207008781,1.13085462
1-oleoylglycerophosphoethanolamine,25244076,CCCCCCCC/C=C\CCCCCCCC(=O)OCC(COP(=O)([O-])OCC[NH3+])O,0.67478752,0.926975132,0.441215752,3.748884516,0.737464121,1.073157589
1-oleoylglycerophosphoinositol*,42607496,CCCCCCCC/C=C\CCCCCCCC(=O)OC[C@H](COP(=O)(O)OC1C([C@@H](C(C(C1O)O)O)O)O)O,0.615532614,1.293032608,0.45639422,0.772446502,0.703925814,1.180610193
1-palmitoleoylglycerophosphocholine*,24779462,CCCCCC/C=C\CCCCCCCC(=O)OCC(COP(=O)([O-])OCC[N+](C)(C)C)O,0.197868031,0.704526087,0.587833067,1.421637493,0.186799658,1.962343491
1-palmitoleoylglycerophosphoethanolamine*,52925129,CCCCCC/C=C\CCCCCCCC(=O)OC[C@H](COP(=O)(O)OCCN)O,0.267036691,0.921484524,0.665403556,0.93825639,0.942611572,1.011713672
1-palmitoylglycerol (1-monopalmitin),14900,CCCCCCCCCCCCCCCC(=O)OCC(CO)O,0.092650253,0.578389415,0.967816651,0.988494748,0.197094566,0.519758091
1-palmitoylglycerophosphocholine,86554,CCCCCCCCCCCCCCCC(=O)OCC(COP(=O)([O-])OCC[N+](C)(C)C)O,0.048013002,1.344346338,4.04E-06,1.4910786,0.21688376,1.437139292
1-palmitoylglycerophosphoethanolamine,89229,CCCCCCCCCCCCCCCC(=O)OCC(COP(=O)(O)OCCN)O,0.302912124,0.89726695,0.037275185,1.385255046,0.480357844,1.266229687
1-palmitoylglycerophosphoinositol*,42607493,CCCCCCCCCCCCCCCC(=O)OC[C@H](COP(=O)(O)OC1C([C@@H](C(C(C1O)O)O)O)O)O,0.261607372,1.096048704,0.068954021,1.268520275,0.007256835,1.190935263
1-palmitoylplasmenylethanolamine*,9547069,CCCCCCCCCCCCCCCC(=O)OC[C@H](COP(=O)(O)OCCN)O,0.387006994,4.42733152,0.179907594,6.995806625,0.560145906,1.401814295
1-pentadecanoylglycerophosphocholine*,53480921,CCCCCCCCCCCCCCC(=O)O[C@H](CO)COP(=O)(O)OCCN,0.798404672,1.066635963,0.195757376,0.763592187,0.818532146,1.078370096
1-stearoylglycerol (1-monostearin),79075,CCCCCCCCCCCCCCCCCC(=O)OC(CO)CO,0.417684372,0.790428901,0.238861387,1.15699381,0.599409426,1.207054245
1-stearoylglycerophosphocholine,86556,CCCCCCCCCCCCCCCCCC(=O)OCC(COP(=O)([O-])OCC[N+](C)(C)C)O,0.983376968,1.003086048,0.25157351,0.851492234,0.082249786,1.109853902
1-stearoylglycerophosphoethanolamine,9547068,CCCCCCCCCCCCCCCCCC(=O)OC[C@H](COP(=O)(O)OCCN)O,0.956073548,1.010798798,0.305001552,1.157275823,0.174912741,0.647144238
1-stearoylglycerophosphoinositol,42607495,CCCCCCCCCCCCCCCCCC(=O)OC[C@H](COP(=O)(O)OC1C([C@@H](C(C(C1O)O)O)O)O)O,0.435721019,0.873425863,0.363568504,1.214199698,0.866339313,0.969440468
2-aminoadipate,92136,C(C[C@@H](C(=O)O)N)CC(=O)O,0.482800669,1.073307579,0.382361365,1.09511993,0.986997888,1.002939022
2-aminobutyrate,80283,CC[C@@H](C(=O)O)N,0.181584487,0.854468763,0.393415642,1.065695771,0.243274076,1.186118503
2-arachidonoylglycerophosphocholine*,24779476,CCCCC/C=C\C/C=C\C/C=C\C/C=C\CCCC(=O)OC[C@H](COP(=O)([O-])OCC[N+](C)(C)C)O,0.073915701,0.357238006,0.402759408,2.152532556,0.16735951,0.394113592
2'-deoxyadenosine 3'-monophosphate,167350,C1[C@@H]([C@H](O[C@H]1N2C=NC3=C2N=CN=C3N)CO)OP(=O)(O)O,0.291776779,0.898117558,0.426103233,0.920493311,0.487034795,1.181331577
2'-deoxyguanosine,187790,C1[C@@H]([C@H](O[C@H]1N2C=NC3=C2NC(=NC3=O)N)CO)O,0.003676538,1.910027926,0.484875659,2.445992267,0.274618996,1.652867973
2'-deoxyinosine,65058,C1[C@@H]([C@H](O[C@H]1N2C=NC3=C2NC=NC3=O)CO)O,0.706818204,1.050648528,0.485339443,1.067931076,0.764430314,1.078032232
2-docosahexaenoylglycerophosphocholine*,10415542,CC/C=C\C/C=C\C/C=C\C/C=C\C/C=C\C/C=C\CCC(=O)OC[C@H](COP(=O)([O-])OCC[N+](C)(C)C)O,0.626844642,1.279516005,0.626222067,1.335849259,0.74419802,1.41827321
2-docosahexaenoylglycerophosphoethanolamine*,52925132,CC/C=C\C/C=C\C/C=C\C/C=C\C/C=C\C/C=C\CCC(=O)OC[C@H](COP(=O)(O)OCCN)O,0.06031287,0.896062339,0.71920387,0.980093776,0.421013911,1.212126063
2-docosapentaenoylglycerophosphocholine*,53480475,CC/C=C\C/C=C\C/C=C\C/C=C\C/C=C\CCCCCC(=O)OC[C@H](COP(=O)([O-])OCC[N+](C)(C)C)O,0.01019423,0.54109424,0.738114389,0.868112194,0.659496903,1.113280309
2-docosapentaenoylglycerophosphoethanolamine*,52925146,CC/C=C\C/C=C\C/C=C\C/C=C\C/C=C\CCCC(=O)OC[C@H](COP(=O)(O)OCCN)O,0.686547112,1.182593409,0.76400104,1.057231341,0.260640249,0.807082196
2-eicosatrienoylglycerophosphocholine*,11757087,CC/C=C\C/C=C\C/C=C\C/C=C\C/C=C\CCCC(=O)OC[C@H](COP(=O)([O-])OCC[N+](C)(C)C)O,0.010003014,1.264546227,0.82651359,1.0155669,0.43186829,0.919462674
2-ethylhexanoate,8697,CCCCC(CC)C(=O)O,0.562350737,1.072350026,0.846880917,1.017514031,0.671737906,0.976919829
2-hydroxyacetaminophen sulfate*,45750,CC(=O)N(C1=CC=C(C=C1)O)O,0.389032581,1.101529631,0.861534101,1.016714444,0.685849478,0.926135301
2-hydroxybutyrate (AHB),11266,CCC(C(=O)O)O,0.109500218,2.59289546,0.876332154,0.935162804,0.621375802,1.205271324
2-hydroxyglutarate,43,C(CC(=O)O)C(C(=O)O)O,0.811058462,1.143289934,0.126950852,0.67551127,0.393770876,0.67599572
2-hydroxyhippurate (salicylurate),10253,C1=CC=C(C(=C1)C(=O)NCC(=O)O)O,0.964293859,0.997717739,0.001561158,1.27539765,0.557498099,1.126421724
2-hydroxyisobutyrate,4277439,CC(C)(C(=O)[O-])O,0.968099001,1.008770904,0.040181899,0.881317469,0.370270024,0.932490311
2-hydroxypalmitate,22485761,CCCCCCCCCCCCCCC(C(=O)[O-])O,1.03E-06,0.355099417,0.368736772,0.853177409,0.134808392,1.371342169
2-isopropylmalate,5280523,CC(C)[C@@](CC(=O)O)(C(=O)O)O,0.72824189,1.118018961,0.000252303,0.530377709,0.696247008,1.10501595
2-linoleoylglycerol (2-monolinolein),6436630,CCCCC/C=C\C/C=C\CCCCCCCC(=O)OC[C@H](CO)O,0.039721558,1.134500094,0.010496013,1.1662364,0.952940977,1.006359918
2-linoleoylglycerophosphocholine*,24779470,CC/C=C\C/C=C\C/C=C\CCCCCCCC(=O)OCC(COP(=O)([O-])OCC[N+](C)(C)C)O,0.138550403,0.366534679,0.298255471,0.459519821,0.209089116,0.467630012
2-methoxyacetaminophen sulfate*,3080594,CC(=O)NC1=CC(=C(C=C1)O)OC,0.023440868,1.203440552,0.328375207,1.055491697,0.374405813,0.864140059
2-methylbutyroylcarnitine,6426901,CCC(C)C(=O)OC(CC(=O)[O-])C[N+](C)(C)C,0.065998639,0.290398963,0.462551085,0.638368408,0.116102979,0.367115349
2-myristoylglycerophosphocholine*,5459377,CCCCCCCCCCCCCC(=O)OC[C@H](COP(=O)([O-])OCC[N+](C)(C)C)OC(=O)CCCCCCCCCCCCC,0.459186322,2.289614554,0.490654001,1.614317836,0.300150958,1.662232451
2-oleoylglycerol (2-monoolein),5319879,CCCCCCCC/C=C\CCCCCCCC(=O)OC(CO)CO,0.88063862,1.040282807,0.812546577,0.944777608,0.349773466,1.476487989
2-oleoylglycerophosphocholine*,5280634,CCCCCCCC/C=C\CCCCCCCC(=O)OCC(COP(=O)(O)OCC[N+](C)(C)C)O,0.23332686,1.094274254,0.005297124,1.193582204,0.839189303,1.033688238
2-oleoylglycerophosphoethanolamine*,9547071,CCCCCCCC/C=C\CCCCCCCC(=O)OC[C@H](COP(=O)(O)OCCN)O,0.554436774,1.086395501,0.091917154,0.765503876,0.942742194,0.985863955
2-palmitoleoylglycerophosphocholine*,24779460,CCCCCC/C=C/CCCCCCCC(=O)OC[C@H](COP(=O)([O-])OCC[N+](C)(C)C)O,0.424940722,0.921089725,0.114354277,0.867726736,0.867363648,1.010960436
2-palmitoylglycerol (2-monopalmitin),123409,CCCCCCCCCCCCCCCC(=O)OC(CO)CO,0.53371401,0.8674396,0.136343678,1.198002246,0.041195086,0.694117505
2-palmitoylglycerophosphocholine*,460602,CCCCCCCCCCCCCCCC(=O)OC[C@H](COP(=O)([O-])OCC[N+](C)(C)C)O,0.000114756,0.490744127,0.156072509,0.586236474,0.743705004,1.092941853
2-palmitoylglycerophosphoethanolamine*,5256421,CCCCCCCCCCCCCCCC(=O)OCC(COP(=O)([O-])OCC[NH3+])O,0.201200718,1.918111431,0.18073032,2.07365728,0.001479195,1.447997335
2-phosphoglycerate,59,C(C(C(=O)O)OP(=O)(O)O)O,0.072368286,0.637904397,0.305428811,2.10166492,0.359110135,0.72734564
2-stearoylglycerophosphocholine*,497299,CCCCCCCCCCCCCCCCCC(=O)OC[C@H](COP(=O)([O-])OCC[N+](C)(C)C)O,0.071861926,0.785285851,0.005545792,0.742391264,0.396221813,1.093608285
2-stearoylglycerophosphoethanolamine*,53480667,CCCCCCCCCCCCCCCCCC(=O)O[C@H](CO)COP(=O)(O)OCCN,0.008859074,0.636517425,0.010648863,0.503277404,0.230258886,1.174971716
3-(4-hydroxyphenyl)lactate,9378,C1=CC(=CC=C1CC(C(=O)O)O)O,0.084091917,0.544398007,0.147027032,0.709062647,0.711080144,1.16614195
3-(cystein-S-yl)acetaminophen*,171264,CC(=O)NC1=CC(=C(C=C1)O)SC[C@@H](C(=O)O)N,0.179723538,0.67121589,0.280630629,0.694024244,0.767066448,1.125661697
3-(N-acetyl-L-cystein-S-yl) acetaminophen*,83967,CC(=O)NC1=CC(=C(C=C1)O)SC[C@@H](C(=O)O)NC(=O)C,0.668194502,1.072277834,0.35288728,0.941933493,0.371785758,1.073581481
"3,4-dihydroxyphenethyleneglycol",91528,C1=CC(=C(C=C1C(CO)O)O)O,0.245803217,0.702439867,0.390635895,0.746668522,0.628083124,1.149425968
3-aminoisobutyrate,64956,CC(CN)C(=O)O,0.033628434,0.512408025,0.562588115,0.810141069,0.657934803,1.23941589
3-carboxy-4-methyl-5-propyl-2-furanpropanoate (CMPF),64505,CP(=O)(OC1CCCCC1)F,0.603305758,0.881585303,0.567589712,0.824235099,0.702691987,1.222105261
3-dehydrocarnitine*,439773,C[N+](C)(C)CC(=O)CC(=O)O,0.027688809,0.51246665,0.598569649,0.797528963,0.667907212,1.231140185
3'-dephosphocoenzyme A,444485,CC(C)(COP(=O)(O)OP(=O)(O)OC[C@@H]1[C@H]([C@H]([C@@H](O1)N2C=NC3=C2N=CN=C3N)O)O)[C@H](C(=O)NCCC(=O)NCCS)O,0.442752372,0.723996972,0.610884731,0.74429837,0.421914243,1.208056584
3-hydroxybutyrate (BHBA),441,CC(CC(=O)O)O,0.143158053,1.285718119,0.795493377,1.086812766,0.181856786,2.786263485
3-hydroxydecanoate,26612,CCCCCCCC(CC(=O)O)O,0.001314882,0.718968662,0.859179392,1.011873774,0.148326629,1.293716346
3-hydroxyhippurate,450268,C1=CC(=CC(=C1)O)C(=O)NCC(=O)O,0.106271466,0.749383178,0.90828166,1.018814035,0.580913749,1.228988213
3-hydroxyoctanoate,26613,CCCCCC(CC(=O)O)O,0.627318124,1.050946919,0.246624174,1.268200095,0.772754065,0.970481017
3-indoxyl sulfate,10258,C1=CC=C2C(=C1)C(=CN2)OS(=O)(=O)O,0.117341026,2.26090629,0.238183929,1.450927669,5.61E-06,2.087085507
3-methyl-2-oxovalerate,439286,CC[C@H](C)C(=O)C(=O)O,0.043266868,1.147632301,0.635959728,1.050511681,0.506959182,0.714288496
3-methylhistidine,64969,CN1C=NC=C1C[C@@H](C(=O)O)N,0.000201603,0.372350924,0.035973091,0.576381749,0.323404625,0.734447674
3-phosphoglycerate,724,C(C(C(=O)O)O)OP(=O)(O)O,0.073834198,0.834736618,0.055451602,1.325509177,0.583353297,0.843421434
3-ureidopropionate,111,C(CNC(=O)N)C(=O)O,0.285782236,0.929828466,0.318916553,0.926031109,0.303133992,0.890118899
4-acetamidophenol,1983,CC(=O)NC1=CC=C(C=C1)O,0.040266114,0.089671805,0.320729684,0.579887322,0.670686228,0.73491699
4-acetaminophen sulfate,83939,CC(=O)NC1=CC=C(C=C1)OS(=O)(=O)O,0.0021653,0.166039726,0.349018353,0.657924037,0.463162409,0.654041113
"4-androsten-3beta,17beta-diol disulfate 1*",44135378,C[C@]12CCC3C(C1CCC2O)CC=C4[C@@]3(CCC(C4)O)C,0.040415952,0.078419882,0.403994667,0.618394215,0.889972694,0.904022444
4-guanidinobutanoate,500,C(CC(=O)O)CN=C(N)N,0.000227387,0.487229414,0.56781606,0.886860377,0.155545455,0.699720521
4-hydroxybutyrate (GHB),10413,C(CC(=O)O)CO,0.013503632,0.59452058,0.571299528,1.142053184,0.582208538,0.805978046
4-hydroxyglutamate,439902,C([C@@H](C(=O)O)N)C(C(=O)O)O,0.332550577,0.830566435,0.581436804,0.887901193,0.310880474,0.832417989
4-hydroxyhippurate,151012,C1=CC(=CC=C1C(=O)NCC(=O)O)O,0.043997051,0.001772551,0.736627938,1.255691536,0.312804342,0.439891021
4-hydroxyphenylacetate,127,C1=CC(=CC=C1CC(=O)O)O,0.113341244,0.848505102,0.750118001,0.978371524,0.659097325,0.942216562
4-methyl-2-oxopentanoate,70,CC(C)CC(=O)C(=O)O,0.071553684,1.222229949,0.026584381,1.235876095,0.724223607,1.090888191
"5,6-dihydrouracil",649,C1CNC(=O)NC1=O,0.010039271,0.087941499,0.057191557,0.347597246,0.072094376,0.393129833
5-aminovalerate,138,C(CCN)CC(=O)O,0.081890308,0.491220492,0.05991955,0.158842482,0.50311429,1.631991637
5-HETE,5280733,CCCCC/C=C\C/C=C\C/C=C\C=C\[C@H](CCCC(=O)O)O,0.662332244,0.944824717,0.164271658,0.735172604,0.349615528,1.170506337
5-methyltetrahydrofolate (5MeTHF),439234,CN1C(CNC2=C1C(=O)N=C(N2)N)CNC3=CC=C(C=C3)C(=O)N[C@H](CCC(=O)O)C(=O)O,0.004359071,0.067393097,0.179616106,0.300316734,0.043178622,0.374733927
5-methylthioadenosine (MTA),149,CSCC1C(C(C(O1)N2C=NC3=C2N=CN=C3N)O)O,0.498642658,1.144720673,0.287328683,0.100267375,0.827185668,0.960712522
5-methyluridine (ribothymidine),445408,CC1=CN(C(=O)NC1=O)[C@H]2[C@@H]([C@@H]([C@H](O2)CO)O)O,0.18007865,0.468764296,0.295275683,0.445110934,0.980045013,0.990525483
5-oxoETE,5283159,CCCCC/C=C\C/C=C\C/C=C\C=C\C(=O)CCCC(=O)O,0.795890392,1.034572355,0.309984727,1.119554868,0.829279658,1.022503722
5-oxoproline,7405,C1CC(=O)N[C@@H]1C(=O)O,0.665691009,1.079184104,0.685183555,0.901312924,0.447374613,0.831980525
6-keto prostaglandin F1alpha,5280888,CCCCC[C@@H](/C=C/[C@H]1[C@@H](C[C@@H]([C@@H]1CC(=O)CCCCC(=O)O)O)O)O,0.123762927,2.284631344,0.703738164,1.17800425,0.763895465,1.122289429
6-phosphogluconate,91493,C([C@H]([C@H]([C@@H]([C@H](C(=O)O)O)O)O)O)OP(=O)(O)O,0.424916527,0.645921222,0.739152287,0.879563296,0.895543185,1.028138348
6'-sialyllactose,643987,CC(=O)N[C@@H]1[C@H](C[C@@](O[C@H]1[C@@H]([C@@H](CO)O)O)(C(=O)O)OC[C@@H]2[C@@H]([C@@H]([C@H]([C@@H](O2)O[C@H]([C@@H](CO)O)[C@@H]([C@H](C=O)O)O)O)O)O)O,0.715209792,0.949465586,0.778150486,1.061903534,0.195064628,1.190153069
7-alpha-hydroxy-3-oxo-4-cholestenoate (7-Hoca),3081085,C[C@H](CCCC(C)C(=O)O)[C@H]1CC[C@@H]2[C@@]1(CC[C@H]3[C@H]2[C@@H](CC4=CC(=O)CC[C@]34C)O)C,0.010748603,0.256847341,0.988240624,0.991505401,0.099810544,0.475165389
7-alpha-hydroxycholesterol,405,CC(C)CCCC(C)C1CCC2C1(CCC3C2C(C=C4C3(CCC(C4)O)C)O)C,4.49E-07,0.117300319,0.000112269,0.200755124,5.72E-07,0.129831031
7-beta-hydroxycholesterol,473141,C[C@H](CCCC(C)C)[C@H]1CC[C@@H]2[C@@]1(CC[C@H]3[C@H]2[C@H](C=C4[C@@]3(CC[C@@H](C4)O)C)O)C,0.000110265,0.196230828,0.005607442,0.193090644,0.000417318,0.264922722
acetylcarnitine,18230,CC(=O)O[C@@H](CC(=O)[O-])C[N+](C)(C)C,0.363852507,0.701940226,0.231690282,0.55376756,0.344270275,0.757648345
Ac-Ser-Asp-Lys-Pro-OH,65938,CC(=O)N[C@@H](CO)C(=O)N[C@@H](CC(=O)O)C(=O)N[C@@H](CCCCN)C(=O)N1CCC[C@H]1C(=O)O,0.050540542,0.417254768,0.402892997,1.929198633,0.62462316,1.492428167
adenine,190,C1=NC2=C(N1)C(=NC=N2)N,0.656147037,1.282332948,0.335385905,1.417636775,0.342891014,1.211728586
adenosine,60961,C1=NC2=C(C(=N1)N)N=CN2[C@H]3[C@@H]([C@@H]([C@H](O3)CO)O)O,0.631140136,1.077158172,0.755655878,0.972925559,0.53189759,0.921980783
adenosine 2'-monophosphate (2'-AMP),94136,C1=NC2=C(C(=N1)N)N=CN2[C@H]3[C@@H]([C@@H]([C@H](O3)CO)O)OP(=O)(O)O,0.07310843,1.845470305,0.328168623,1.595543187,0.135895106,1.441183101
adenosine 3'-monophosphate (3'-AMP),41211,C1=NC2=C(C(=N1)N)N=CN2[C@H]3[C@@H]([C@@H]([C@H](O3)CO)OP(=O)(O)O)O,0.317175664,1.599534429,0.993211448,1.001848966,0.849445854,0.977503796
adenosine 5'-monophosphate (AMP),6083,C1=NC2=C(C(=N1)N)N=CN2[C@H]3[C@@H]([C@@H]([C@H](O3)COP(=O)(O)O)O)O,0.036989057,0.575642368,0.021616427,0.722378096,0.116465081,0.737253373
adenylosuccinate,440122,C1=NC2=C(C(=N1)NC(CC(=O)O)C(=O)O)N=CN2[C@H]3[C@@H]([C@@H]([C@H](O3)COP(=O)(O)O)O)O,0.043475679,0.002649003,0.69067063,1.349619112,0.111797631,0.183631243
adipate,196,C(CCC(=O)O)CC(=O)O,0.214149218,1.410858721,0.845481926,0.960546581,0.966615056,1.01384869
adrenate (22:4n6),5282844,CCCCC/C=C/C/C=C/C/C=C/C/C=C/CCCCCC(=O)O,0.562189644,1.151279582,0.007854469,1.384200461,0.328172423,1.187235095
agmatine,199,C(CCN=C(N)N)CN,0.994311323,0.999008142,0.008773588,1.456775661,0.754006458,0.897515743
alanine,5950,C[C@@H](C(=O)O)N,0.424586984,42.25274392,0.226914884,0.201309127,0.45661608,0.44872961
alanylalanine,601,CC(C(=O)NC(C)C(=O)O)N,0.839150595,0.856657035,0.248594506,0.120778342,0.171244243,0.506736109
alanylglutamate,128841,C[C@@H](C(=O)N[C@@H](CCC(=O)O)C(=O)O)N,0.854447616,1.151390117,0.285332363,0.469798658,0.07786236,0.431280086
alanylglycine,79094,CC(C(=O)NCC(=O)O)N,0.627805551,0.953207284,0.292398451,0.880748205,0.938000754,1.014247205
alanylisoleucine,417358,CCC(C)C(C(=O)O)NC(=O)C(C)N,0.756994838,1.020564132,0.548950536,1.092503131,0.424428477,1.15979233
alanylleucine,259583,CC(C)CC(C(=O)O)NC(=O)C(C)N,0.527160332,1.103553317,0.55165312,0.837687968,0.500579729,1.366633782
alanylmethionine,98509,CC(C(=O)NC(CCSC)C(=O)O)N,0.007527469,0.3852505,0.850231209,1.045797863,0.344232534,3.168440431
alanylphenylalanine,2080,CC(C(=O)NC(CC1=CC=CC=C1)C(=O)O)N,0.755546421,1.302612128,0.924213714,0.982559277,0.016391228,0.313165195
alanylthreonine,426318,CC(C(C(=O)O)NC(=O)C(C)N)O,0.072121758,0.583553093,0.960772246,1.035329244,0.812325337,0.952023807
alanyltryptophan,263474,CC(C(=O)NC(CC1=CNC2=CC=CC=C21)C(=O)O)N,0.003218664,1.329532186,8.08E-05,1.40096652,0.726090562,1.204224276
alanyltyrosine,92946,C[C@@H](C(=O)N[C@@H](CC1=CC=C(C=C1)O)C(=O)O)N,0.008791596,1.391369485,0.001271101,1.536889471,0.713764109,1.25290565
alanylvaline,352807,CC(C)C(C(=O)O)NC(=O)CCN,0.003940322,1.403623782,0.013612428,1.394998785,0.683006696,1.22515937
allo-threonine,99289,C[C@@H]([C@@H](C(=O)O)N)O,0.041279277,1.244327028,0.305851574,1.327808518,0.845786998,1.107524891
alpha-glutamylglutamate,92865,C(CC(=O)N[C@@H](CCC(=O)O)C(=O)O)[C@@H](C(=O)O)N,0.000772979,1.867255891,0.492305138,1.104745063,0.365333221,0.766498296
alpha-glutamyltryptophan,100094,C1=CC=C2C(=C1)C(=CN2)C[C@@H](C(=O)O)NC(=O)[C@H](CCC(=O)O)N,0.357727408,1.205675228,0.577437408,0.849930646,0.191214736,0.908290076
alpha-glutamyltyrosine,351830,C1=CC(=CC=C1CC(C(=O)O)NC(=O)C(CCC(=O)O)N)O,0.006062163,1.435481089,0.950984627,0.988426972,0.807548646,1.081142128
alpha-hydroxyisovalerate,853180,CC(C)[C@@H](C(=O)O)O,4.79E-05,1.439337212,0.954142014,1.008437557,0.774645331,0.945724568
alpha-tocopherol,14985,CC1=C(C(=C2CC[C@@](OC2=C1C)(C)CCC[C@H](C)CCC[C@H](C)CCCC(C)C)C)O,0.027786206,1.343213159,0.969796587,0.99181745,0.843192914,1.06569861
androsterone sulfate,159663,C[C@]12CC[C@H](C[C@@H]1CC[C@@H]3[C@@H]2CC[C@]4([C@H]3CCC4=O)C)OS(=O)(=O)O,0.294766049,0.823414482,0.202188812,0.784479188,0.919690098,0.971467456
anserine,112072,CN1C=NC=C1C[C@@H](C(=O)O)NC(=O)CCN,0.06233507,1.639617667,0.80945042,0.924559113,0.650314667,0.887151924
arabitol,94154,C([C@H](C([C@@H](CO)O)O)O)O,0.004262227,1.281827248,0.216213251,0.769864043,0.857924314,1.039550857
arabonate,10264,C(C(C(C(C(=O)O)O)O)O)O,0.037876529,1.296415403,0.384393159,0.82509972,0.493984588,0.849524608
arachidate (20:0),10467,CCCCCCCCCCCCCCCCCCCC(=O)O,0.06312217,1.450241422,0.568937862,0.855140432,0.977412265,1.004058356
arachidonate (20:4n6),6442778,CCC(CC/C=C\C/C=C\C/C=C\C/C=C\CCCC(=O)O)O,0.277197807,0.881711036,0.576091455,0.9215894,0.947417808,0.983335568
arginine,6322,C(C[C@@H](C(=O)O)N)CN=C(N)N,0.03043954,1.648346732,0.601521846,0.838165705,0.620406823,1.064977891
argininosuccinate,439998,C(C[C@@H](C(=O)O)N)CN=C(N)NC(CC(=O)O)C(=O)O,0.622717279,1.226469491,0.227237445,0.588778095,0.91995037,0.94183753
arginylleucine,333445,CC(C)CC(C(=O)O)NC(=O)C(CCCN=C(N)N)N,0.706333576,1.288489079,0.321781218,0.400913868,0.670686228,0.73491699
arginylmethionine,9815009,CSCCC(C(=O)O)NC(=O)C(CCCN=C(N)N)N,0.124063262,1.917984681,0.833597029,0.923382438,0.547623585,0.789636659
arginylphenylalanine,150964,C1=CC=C(C=C1)C[C@@H](C(=O)O)NC(=O)[C@H](CCCN=C(N)N)N,0.015900732,0.146501934,0.239373202,0.50331056,0.194456287,0.490529686
arginyltyrosine,13017549,C1=CC(=CC=C1CC(C(=O)O)NC(=O)C(CCCN=C(N)N)N)O,0.984882848,1.00635018,0.324424633,1.42918446,0.751216072,1.138101819
arginylvaline,335257,CC(C)C(C(=O)O)NC(=O)C(CCCN=C(N)N)N,0.167897775,0.771635568,0.442234687,6.183950292,0.434838983,2.681626089
ascorbate (Vitamin C),54670067,C([C@@H]([C@@H]1C(=C(C(=O)O1)O)O)O)O,0.48142712,0.735910676,0.861300529,1.100007088,0.295157538,2.278595209
asparagine,6267,C([C@@H](C(=O)O)N)C(=O)N,0.640142998,1.113902721,0.000133224,0.495782583,0.082930473,0.707115787
aspartate,5960,C([C@@H](C(=O)O)N)C(=O)O,0.095802763,2.336446502,0.17090192,1.321524996,0.312441168,1.92757873
aspartate-glutamate,151403,C(CC(=O)O)[C@@H](C(=O)O)NC(=O)[C@H](CC(=O)O)N,0.303191232,0.735316916,0.216311601,0.554362759,0.791955596,0.915227929
aspartylleucine,3549397,CC(C)CC(C(=O)O)NC(=O)CC(C(=O)O)N,0.145905596,0.573356779,0.254495103,0.492932318,0.951259867,0.974588789
aspartylphenylalanine,93078,C1=CC=C(C=C1)C[C@@H](C(=O)O)NC(=O)[C@H](CC(=O)O)N,0.054464071,0.653700954,0.259225945,0.808787987,0.835493802,1.101853676
aspartyltryptophan,9948926,C1=CC=C2C(=C1)C(=CN2)CC(C(=O)O)NC(=O)C(CC(=O)O)N,0.175864794,0.894662638,0.275275746,0.951614132,0.548144746,0.967264609
aspartylvaline,4991131,CC(C)C(C(=O)O)NC(=O)C(CC(=O)O)N,0.902979116,1.015214355,0.302622011,1.11095566,0.111172688,1.535235487
atenolol,2249,CC(C)NCC(COC1=CC=C(C=C1)CC(=O)N)O,0.000372411,1.182770157,0.385681741,1.06933969,0.452416481,1.110986455
azelate (nonanedioate),2266,C(CCCC(=O)O)CCCC(=O)O,0.589697878,1.076348077,0.405044139,1.036497515,0.512658404,1.12373663
benzoate,243,C1=CC=C(C=C1)C(=O)O,0.590369397,1.064297661,0.501807343,0.849223897,0.988166653,0.996687925
beta-alanine,239,C(CN)C(=O)O,0.289739246,1.155828089,0.731285486,0.96874988,0.213126087,1.376220544
beta-hydroxypyruvate,964,C(C(=O)C(=O)O)O,0.152768945,1.266385296,0.772856757,0.920632198,0.183636218,1.787001211
betaine,247,C[N+](C)(C)CC(=O)[O-],0.525897445,0.945309292,0.861808577,1.026008055,0.072506598,1.491380027
beta-tocopherol,8989,CC1=CC(=C(C2=C1O[C@](CC2)(C)CCCC(C)CCCC(C)CCCC(C)C)C)O,0.034103808,2.465555488,0.875799103,0.965267678,0.008409574,2.295825956
"bilirubin (E,E)*",5497144,CC1=C(C(N=C1/C=C\2/C(=C(C(=O)N2)C=C)C)CC3=C(C(=C(N3)/C=C\4/C(=C(C(=O)N4)C)C=C)C)CCC(=O)O)CCC(=O)O,0.51541579,0.926711092,0.88538687,0.953623595,0.809267987,0.959962279
"bilirubin (Z,Z)",5280352,CC1=C(NC(=C1CCC(=O)O)CC2=C(C(=C(N2)/C=C\3/C(=C(C(=O)N3)C)C=C)C)CCC(=O)O)/C=C\4/C(=C(C(=O)N4)C=C)C,0.74203747,0.942222043,0.967885727,1.013558545,0.299959661,1.412320312
butyrylcarnitine,439829,CCCC(=O)OC(CC(=O)[O-])C[N+](C)(C)C,0.499944268,2.402262,0.226084872,0.721193612,0.950448662,0.984059133
caprate (10:0),2969,CCCCCCCCCC(=O)O,0.033219133,1.516529408,0.304777365,0.880901609,0.06508018,1.388212042
caproate (6:0),8892,CCCCCC(=O)O,0.052722912,1.706154795,0.527405679,1.211219707,0.433164425,1.584993059
caprylate (8:0),379,CCCCCCCC(=O)O,0.599090931,1.21496039,0.693615447,1.392657192,0.616708662,1.434338818
carnitine,2724480,C[N+](C)(C)C[C@H](CC(=O)[O-])O,0.212986575,1.078457648,0.228914081,0.829763148,0.897214644,1.01896261
catechol sulfate,289,C1=CC=C(C(=C1)O)O,1.84E-06,0.400817178,0.305353028,1.206355986,0.448204205,1.207581336
celecoxib,2662,CC1=CC=C(C=C1)C2=CC(=NN2C3=CC=C(C=C3)S(=O)(=O)N)C(F)(F)F,0.641889069,1.039188084,0.370897335,1.176381,0.755727173,1.014045727
C-glycosyltryptophan*,92181,C1=CC=C2C(=C1)C(=CN2)C[C@@H](C(=O)O)NC(=O)CN,0.517193625,2.1900801,0.063610872,0.340119827,0.01519522,0.425518422
chiro-inositol,892,C1(C(C(C(C(C1O)O)O)O)O)O,0.169339991,1.420568454,0.136782404,1.463021172,0.975844308,1.012942748
cholate,221493,C[C@H](CCC(=O)O)[C@H]1CC[C@@H]2[C@@]1([C@H](C[C@H]3[C@H]2[C@@H](C[C@H]4[C@@]3(CC[C@H](C4)O)C)O)O)C,0.536027853,1.864802304,0.182938278,0.469210324,0.004105609,0.407689512
cholesterol,5997,C[C@H](CCCC(C)C)[C@H]1CC[C@@H]2[C@@]1(CC[C@H]3[C@H]2CC=C4[C@@]3(CC[C@@H](C4)O)C)C,0.343928047,1.18168674,0.587192957,1.07113365,0.591469323,0.947157832
choline,305,C[N+](C)(C)CCO,0.004076417,0.671778803,0.745516898,1.104953202,0.001023835,0.597637539
choline phosphate,1014,C[N+](C)(C)CCOP(=O)(O)O,0.003490788,3.176043119,0.018104771,0.333250812,0.498864049,1.723915068
cinnamoylglycine,709625,C1=CC=C(C=C1)/C=C/C(=O)NCC(=O)O,0.043727685,0.738788068,0.335819228,0.700370526,0.315480528,1.305737437
cis-aconitate,309,C(C(=CC(=O)O)C(=O)O)C(=O)O,0.003477596,1.493187554,0.726018342,1.095489571,0.486572436,0.871322372
cis-vaccenate (18:1n7),5282761,CCCCCC/C=C\CCCCCCCCCC(=O)O,0.016864399,1.271550571,0.970603027,0.995650495,0.427666283,0.877889254
citalopram,2771,CN(C)CCCC1(C2=C(CO1)C=C(C=C2)C#N)C3=CC=C(C=C3)F,0.036304604,1.764986129,0.333644633,0.075333285,0.801126845,1.066185141
citramalate,441696,C[C@](CC(=O)O)(C(=O)O)O,0.0166304,0.404465677,0.000241485,0.219001113,0.000646801,1.84843254
citrate,311,C(C(=O)O)C(CC(=O)O)(C(=O)O)O,0.916673925,1.016645808,0.189266813,0.795318868,0.921910019,1.020596839
citrulline,9750,C(C[C@@H](C(=O)O)N)CNC(=O)N,0.855142042,0.912835093,0.394675887,0.620870362,0.312135777,0.490157971
codeine,5284371,CN1CC[C@]23[C@@H]4[C@H]1CC5=C2C(=C(C=C5)OC)O[C@H]3[C@H](C=C4)O,0.638941211,0.95618162,0.801881352,1.023917809,0.091022296,1.37325859
cortisol,5754,C[C@]12CCC(=O)C=C1CC[C@@H]3[C@@H]2[C@H](C[C@]4([C@H]3CC[C@@]4(C(=O)CO)O)C)O,0.000296941,2.119167332,0.015960696,1.694240607,0.196597662,1.31545295
cortisone,222786,C[C@]12CCC(=O)C=C1CC[C@@H]3[C@@H]2C(=O)C[C@]4([C@H]3CC[C@@]4(C(=O)CO)O)C,0.417044386,0.870342152,0.065976602,1.282210252,0.673770456,0.914307732
creatine,586,CN(CC(=O)O)C(=N)N,0.973319858,1.039031265,0.307913882,3.085847408,0.86862296,1.226942518
creatinine,588,CN1CC(=O)N=C1N,0.558251663,1.065267509,0.00014272,1.290580661,0.429150367,0.945566874
cysteine,5862,C([C@@H](C(=O)O)N)S,0.750252528,0.92454895,0.174623568,1.387430828,0.006998291,0.56708322
cysteine-glutathione disulfide,3080690,C(CC(=O)N[C@H](C(=O)NCC(=O)O)C(=S)SC[C@@H](C(O)O)N)[C@@H](C(=O)O)N,0.08702107,0.453373337,0.35977585,1.120662707,0.218803457,0.609661637
cysteinylglycine,439498,C([C@@H](C(=O)NCC(=O)O)N)S,0.415111059,0.75957633,0.908379176,1.022578839,0.958345605,1.030181927
cystine,67678,C([C@@H](C(=O)O)N)SSC[C@@H](C(=O)O)N,0.190152053,0.895885085,0.911918661,1.012086473,0.489528232,0.911995536
cytidine,6175,C1=CN(C(=O)N=C1N)[C@H]2[C@@H]([C@@H]([C@H](O2)CO)O)O,0.743576225,0.976205074,0.036135242,0.810216534,0.168832978,0.786789885
cytidine 5'-diphosphocholine,291,C[N+](C)(C)CCOP(=O)(O)OP(=O)(O)OCC1C(C(C(O1)N2C=CC(=NC2=O)N)O)O,0.690054917,1.021321052,0.302071318,0.92030699,0.196257816,0.860979394
cytidine 5'-monophosphate (5'-CMP),6131,C1=CN(C(=O)N=C1N)[C@H]2[C@@H]([C@@H]([C@H](O2)COP(=O)(O)O)O)O,0.152211809,0.383359826,0.315934683,0.666999726,0.61710409,0.913031724
cytidine-3'-monophosphate (3'-CMP),66535,C1=CN(C(=O)N=C1N)[C@H]2[C@@H]([C@@H]([C@H](O2)CO)OP(=O)(O)O)O,0.085462999,0.795327249,0.327156724,0.894212072,0.17020196,0.839209379
"cytosine-2',3'-cyclic monophosphate",417654,C1=CN(C(=O)N=C1N)C2C3C(C(O2)CO)OP(=O)(O3)O,0.677594646,0.962047359,0.492884177,1.091159606,0.382519161,0.861081487
deoxycarnitine,134,C[N+](C)(C)CCCC(=O)O,0.213011891,1.268074132,0.913435971,1.012586907,0.596386111,0.906662232
dihomo-linoleate (20:2n6),5282805,CCCCC/C=C/C/C=C/CCCCCCCCCC(=O)O,0.364724942,1.110229008,0.002195901,1.22949173,0.228391066,1.134249364
dihomo-linolenate (20:3n3 or n6),21158448,CCCCC/C=C\C/C=C\C/C=C\CCCCCCC(=O)[O-],0.08857701,1.259984338,0.416119782,1.074193865,0.360183692,1.390498564
dihydrocholesterol,6665,C[C@H](CCCC(C)C)[C@H]1CC[C@@H]2[C@@]1(CC[C@H]3[C@H]2CC[C@@H]4[C@@]3(CC[C@@H](C4)O)C)C,0.669713092,1.066442551,0.641936118,1.074588853,0.447990553,1.219481283
dimethylarginine (SDMA + ADMA),123831,CN(C)C(=NCCC[C@@H](C(=O)O)N)N,0.000235215,1.32624822,0.16696811,1.076723275,0.97316753,0.997182419
dimethylglycine,673,CN(C)CC(=O)O,0.683011238,1.141793541,0.387379839,1.151209222,0.290211354,0.719801073
docosadienoate (22:2n6),16061340,CCCCC/C=C\C/C=C\CCCCCCCCCCCC(=O)O[C@H]1CC[C@@]2([C@H]3CC[C@]4([C@H]([C@@H]3CC=C2C1)CC[C@@H]4[C@H](C)CCCC(C)C)C)C,0.839978436,0.979000869,0.255325757,0.81408597,0.024713413,1.269377343
docosahexaenoate (DHA; 22:6n3),6433873,CC/C=C/C/C=C/C/C=C/C/C=C\C/C=C/C/C=C/CCC(=O)O,0.640350173,1.09862811,0.34332499,1.13547684,0.101641958,0.795060559
docosapentaenoate (n3 DPA; 22:5n3),6438348,CCCCCCCCCCC/C=C/C=C/C=C/C=C/C=C/C(=O)O,0.527675958,1.526566539,0.045248285,0.278737212,0.007971051,0.339363006
docosapentaenoate (n6 DPA; 22:5n6),5497182,CC/C=C\C/C=C\C/C=C\C/C=C\C/C=C\CCCCCC(=O)O,0.248798982,0.73094496,0.112140599,0.434648499,0.019387141,0.504032223
docosatrienoate (22:3n3),5312556,CC/C=C/C/C=C/C/C=C/CCCCCCCCCCCC(=O)O,0.260258539,1.26943179,0.333556778,0.694496167,0.813432997,1.083858111
dodecanedioate,12736,C(CCCCCC(=O)O)CCCCC(=O)O,0.098256799,1.179520096,0.000159617,1.179159435,0.892325209,1.020919819
eicosapentaenoate (EPA; 20:5n3),446284,CC/C=C\C/C=C\C/C=C\C/C=C\C/C=C\CCCC(=O)O,0.413951909,1.220498459,0.063461426,0.483785782,0.104053039,0.65382482
eicosenoate (20:1n9 or 11),6438157,CCCCCCCCCCCCCCCCC/C=C/C(=O)O,0.113676249,3.118745556,0.081989485,0.568190046,0.259034194,0.670385574
epinephrine,5816,CNC[C@@H](C1=CC(=C(C=C1)O)O)O,0.091719203,0.753977928,0.279709516,0.828108163,0.808761312,1.06933581
ergothioneine,3032311,C[N+](C)(C)C(CC1=CNC(=S)N1)C(=O)[O-],0.019211263,2.636354375,0.358281447,0.731250591,0.396405337,0.784192941
erucate (22:1n9),5281116,CCCCCCCC/C=C\CCCCCCCCCCCC(=O)O,0.005954478,2.609463702,0.876347838,1.077845081,0.60220641,0.828798993
erythritol,8998,C(C(C(CO)O)O)O,0.005813867,1.758226123,0.886098634,0.960618845,0.477375044,0.770063764
erythronate*,439535,C(C(C(C(=O)O)O)O)O,0.922228921,0.94731817,0.626600009,1.66843934,0.211190215,0.69915018
ethanolamine,700,C(CO)N,0.056289978,0.754663463,0.023672007,0.779189543,0.676191179,1.181476831
flavin adenine dinucleotide (FAD),439154,CC1=CC2=C(C=C1C)N(C3=NC(=O)NC(=O)C3=N2)CC(C(C(COP(=O)(O)OP(=O)(O)OC[C@@H]4[C@H]([C@H]([C@@H](O4)N5C=NC6=C5N=CN=C6N)O)O)O)O)O,0.115623794,0.256989029,0.430591551,0.45703452,0.124687862,0.288857351
fructose,439709,C([C@@H]1[C@H]([C@@H]([C@](O1)(CO)O)O)O)O,0.544325195,1.039457782,0.442144434,1.091260448,0.493702956,0.885884898
fructose 1-phosphate,439394,C([C@@H]1[C@H]([C@@H](C(O1)(COP(=O)(O)O)O)O)O)O,0.76911621,0.955223205,0.446829771,0.860204775,0.125546518,1.260536105
fructose-6-phosphate,69507,C([C@H]([C@H]([C@@H](C(=O)CO)O)O)O)OP(=O)(O)O,0.522740872,3.149068929,0.462782106,0.488275453,0.440673151,0.435939219
fucose,17106,C[C@H]1[C@H]([C@H]([C@@H](C(O1)O)O)O)O,0.975020159,0.990687293,0.632064977,0.832807381,8.10E-08,1.606403448
fumarate,723,C(=CC(=O)O)C(=O)O,0.488295397,0.868864545,0.001891718,0.718720024,0.927113738,0.981665382
gabapentin,3446,C1CCC(CC1)(CC(=O)O)CN,0.967458235,0.996930741,0.134946603,0.875067872,0.643761629,0.887587765
galactose,439357,C([C@@H]1[C@@H]([C@@H]([C@H]([C@H](O1)O)O)O)O)O,0.803163788,0.981968523,0.971152857,0.996482818,0.427253312,0.819255898
gamma-aminobutyrate (GABA),119,C(CC(=O)O)CN,0.165891773,1.160360672,0.018634053,0.816571404,0.379044024,1.12739038
gamma-glutamylcysteine,123938,C(CC(=O)N[C@@H](CS)C(=O)O)[C@@H](C(=O)O)N,0.29980584,0.051421004,0.032638915,0.326917026,0.294889304,0.041636623
gamma-glutamylglutamate,92865,C(CC(=O)N[C@@H](CCC(=O)O)C(=O)O)[C@@H](C(=O)O)N,0.366180521,1.065526239,0.172733938,1.115626067,0.523378017,1.095003383
gamma-glutamylglutamine,150914,C(CC(=O)N[C@@H](CCC(=O)N)C(=O)O)[C@@H](C(=O)O)N,0.777038598,0.876653873,0.187210019,1.345403994,0.910955,1.016104148
gamma-glutamylisoleucine*,14253342,CCC(C)C(C(=O)O)NC(=O)CCC(C(=O)O)N,0.035869119,0.697817092,0.206981977,0.549671976,0.74245366,1.204502339
gamma-glutamylleucine,151023,CC(C)C[C@@H](C(=O)O)NC(=O)CC[C@@H](C(=O)O)N,0.01579769,1.16766751,0.407752895,1.130345542,0.325425985,0.899311639
gamma-glutamylphenylalanine,111299,C1=CC=C(C=C1)C[C@@H](C(=O)O)NC(=O)CC[C@@H](C(=O)O)N,0.214287179,0.820079308,0.142649574,0.54715876,0.130002669,0.773667443
gamma-glutamylvaline,7016583,CCCCCC[C@H](C)N=C=S,0.003464753,0.131188684,0.331249109,0.019000045,0.311241507,1.688911704
gamma-tocopherol,14986,CC1=C(C=C2CCC(OC2=C1C)(C)CCCC(C)CCCC(C)CCCC(C)C)O,0.972397416,1.003336381,0.000328343,1.34641991,0.475684876,0.876366392
glucarate (saccharate),33037,[C@H]([C@@H]([C@@H](C(=O)O)O)O)([C@H](C(=O)O)O)O,0.055400176,1.264913802,0.023179409,1.575579664,0.398544016,0.832085042
gluconate,10690,C([C@H]([C@H]([C@@H]([C@H](C(=O)O)O)O)O)O)O,0.967523918,0.990511484,0.072398017,0.744824356,0.096564129,0.74152119
glucose,5793,C([C@@H]1[C@H]([C@@H]([C@H](C(O1)O)O)O)O)O,0.121174247,0.899080208,0.096014724,0.876869279,0.557392839,1.052467794
glucose 1-phosphate,65533,C([C@@H]1[C@H]([C@@H]([C@H]([C@H](O1)OP(=O)(O)O)O)O)O)O,0.21946035,0.597104037,0.13762299,0.705540201,0.996991105,1.000309139
glucose-6-phosphate (G6P),208,C(C1C(C(C(C(O1)O)O)O)O)OP(=O)(O)O,0.021647056,0.122435704,0.21912709,0.124941538,0.474264621,0.675865676
glucuronate,444791,[C@@H]1([C@@H]([C@H](O[C@@H]([C@@H]1O)O)C(=O)O)O)O,0.650434389,1.145844071,0.222700735,1.39645839,0.506809563,0.716950753
glutamate,23327,C(CC(=O)O)[C@H](C(=O)O)N,0.268805448,0.684500566,0.363064961,0.603765453,0.556242436,0.781411083
"glutamate, gamma-methyl ester",68662,COC(=O)CC[C@@H](C(=O)O)N,0.352956222,1.63834941,0.409509639,1.278904459,0.059866739,2.575189428
glutamine,5961,C(CC(=O)N)[C@@H](C(=O)O)N,0.000122191,1.326821239,0.359992132,0.953569506,0.121448125,1.151505713
glutarate (pentanedioate),743,C(CC(=O)O)CC(=O)O,0.031530533,0.829751872,0.445224529,0.944010304,0.664861599,0.940837195
glutaroyl carnitine,3036008,C[N+](C)(C)CC(C(=O)O)OC(=O)CCCC(=O)[O-],0.200127218,1.535402815,0.031241781,1.866320617,0.445081825,2.1051182
"glutathione, oxidized (GSSG)",975,C(CC(=O)NC(CSSCC(C(=O)NCC(=O)O)NC(=O)CCC(C(=O)O)N)C(=O)NCC(=O)O)C(C(=O)O)N,0.078112704,1.700245022,0.023669883,1.551233929,0.679292568,1.151310404
"glutathione, reduced (GSH)",124886,C(CC(=O)N[C@@H](CS)C(=O)NCC(=O)O)[C@@H](C(=O)O)N,0.790043205,0.904743417,0.34541821,1.112951665,0.810228897,0.952895887
glycerate,439194,C([C@H](C(=O)O)O)O,0.146546583,2.084700912,0.379536532,1.259524404,0.854638236,0.949638089
glycerol,753,C(C(CO)O)O,0.19264128,1.399559622,0.406908812,1.158086952,0.90527491,1.039698882
glycerol 2-phosphate,3611397,C(C(CO)OP(=O)([O-])[O-])O,0.095900392,1.838950728,0.531923031,1.089991427,0.918757428,0.966456794
glycerol 3-phosphate (G3P),439162,C([C@H](COP(=O)(O)O)O)O,0.808532789,1.040950379,0.128491625,1.320467009,0.208321139,1.098624557
glycerophosphoethanolamine,123874,C(COP(=O)(O)OCC(CO)O)N,0.396912977,1.246297447,0.372799797,1.146124579,0.939199342,1.024538141
glycerophosphorylcholine (GPC),439285,C[N+](C)(C)CCOP(=O)(O)OC[C@@H](CO)O,0.053840208,1.614997335,0.741053778,0.950708801,0.834816027,1.062117738
glycine,750,C(C(=O)O)N,0.259786789,1.604652774,0.035826317,1.457992148,0.512780752,1.221031793
glycocholenate sulfate*,10140,C[C@H](CCC(=O)NCC(=O)O)[C@H]1CC[C@@H]2[C@@]1([C@H](C[C@H]3[C@H]2[C@@H](C[C@H]4[C@@]3(CC[C@H](C4)O)C)O)O)C,0.263727582,1.077579497,0.063596955,1.300883621,0.435726042,1.241341739
glycolate (hydroxyacetate),757,C(C(=O)O)O,0.680798512,1.13418338,0.159844586,0.558891533,0.986166625,1.004290372
glycolithocholate sulfate*,72222,C[C@H](CCC(=O)NCC(=O)O)[C@H]1CC[C@@H]2[C@@]1(CC[C@H]3[C@H]2CC[C@H]4[C@@]3(CC[C@H](C4)OS(=O)(=O)O)C)C,0.582417524,0.852318225,0.324808077,0.662009964,0.41569789,0.811036253
glycylglycine,11163,C(C(=O)NCC(=O)O)N,0.269170844,0.860849412,0.397816431,0.878803575,0.161799535,1.275696108
glycylisoleucine,259613,CCC(C)C(C(=O)O)NC(=O)CN,0.024332983,1.303718705,0.410814964,11.21043219,0.952370156,0.979377176
glycylleucine,92843,CC(C)C[C@@H](C(=O)O)NC(=O)CN,0.096375665,0.673141184,0.423085284,0.809123677,0.279730373,1.207683774
glycyllysine,3080576,C(CCN)C[C@@H](C(=O)O)NC(=O)CN,0.323712541,1.099391883,0.430329464,0.935715637,0.299703017,1.087275774
glycylmethionine,151282,CSCC[C@@H](C(=O)O)NC(=O)CN,0.321915323,0.897242233,0.595424464,0.912313643,0.158003152,1.301663752
glycylphenylalanine,97415,C1=CC=C(C=C1)CC(C(=O)O)NC(=O)CN,0.622628697,1.132859334,0.879488388,0.93677915,0.277450672,1.893893711
glycylproline,79101,C1CC(N(C1)C(=O)CN)C(=O)O,2.47E-12,2.274315616,0.062324748,2.570740301,0.006686113,2.923668546
glycylthreonine,111257,C[C@H]([C@@H](C(=O)O)NC(=O)CN)O,0.444095359,1.517381097,0.294329408,0.275029795,0.411174168,2.084500764
glycyltryptophan,92181,C1=CC=C2C(=C1)C(=CN2)C[C@@H](C(=O)O)NC(=O)CN,0.070220978,1.368595115,0.484492002,0.825110551,0.75941488,1.09508385
glycyltyrosine,92829,C1=CC(=CC=C1C[C@@H](C(=O)O)NC(=O)CN)O,0.00058727,1.429750135,0.038444869,1.204163364,0.861733028,0.971366109
glycylvaline,97417,CC(C)C(C(=O)O)NC(=O)CN,0.973025106,0.996731462,0.728710453,1.039208406,0.396121964,0.807435999
guanidinoacetate,763,C(C(=O)O)N=C(N)N,0.896196233,0.956172908,0.809280984,1.094148264,0.275876368,0.911912765
guanine,764,C1=NC2=C(N1)C(=O)N=C(N2)N,0.463245694,2.382402332,0.109947436,0.431580305,0.039573964,0.436107149
guanosine,6802,C1=NC2=C(N1[C@H]3[C@@H]([C@@H]([C@H](O3)CO)O)O)NC(=NC2=O)N,0.043439493,10.63255306,0.249465307,3.662874756,0.679304681,1.478767199
guanosine 5'- monophosphate (5'-GMP),1807035,C1=NC2=C(N1[C@H]3[C@@H]([C@@H]([C@H](O3)COP(=O)([O-])[O-])O)O)NC(=NC2=O)N,0.005809795,1.322167522,0.494396875,1.07252622,0.814507111,1.086011436
"gulono-1,4-lactone",439373,C([C@@H]([C@@H]1[C@@H]([C@@H](C(=O)O1)O)O)O)O,0.620151398,1.387243432,0.093325527,1.328078901,0.710651022,1.340303982
heme,26945,CC1=C(C2=CC3=C(C(=C([N-]3)C=C4C(=C(C(=N4)C=C5C(=C(C(=N5)C=C1[N-]2)C=C)C)C=C)C)C)CCC(=O)O)CCC(=O)O.[Fe+2],0.256323735,0.715361271,0.151315157,0.533897529,0.138938244,0.610929645
hexanoylcarnitine,6426853,CCCCCC(=O)OC(CC(=O)[O-])C[N+](C)(C)C,0.627491765,1.56076906,0.64972049,1.596032695,0.276389331,1.854731393
hippurate,464,C1=CC=C(C=C1)C(=O)NCC(=O)O,0.695665889,0.925532737,0.702800254,1.094629896,0.481534743,1.483397863
histamine,774,C1=C(NC=N1)CCN,0.82334234,1.045534713,0.093275111,1.097014412,0.734018482,1.064019202
histidine,6274,C1=C(NC=N1)C[C@@H](C(=O)O)N,0.390780345,0.824965935,0.25403769,0.801687764,0.457642764,0.865711527
histidylleucine,189008,CC(C)C[C@@H](C(=O)O)NC(=O)[C@H](CC1=CN=CN1)N,0.777279624,0.923998756,0.227734214,0.601625796,0.342105355,0.684992468
histidylmethionine,9795880,CSCCC(C(=O)O)NC(=O)C(CC1=CN=CN1)N,0.000771566,1.539471979,0.825940833,0.972403493,0.42664576,1.171153264
histidylphenylalanine,152198,C1=CC=C(C=C1)C[C@@H](C(=O)O)NC(=O)[C@H](CC2=CN=CN2)N,0.976991284,0.987506579,8.93E-06,0.238279969,0.708146873,0.926677515
histidyltryptophan,6539217,C1=CC=C2C(=C1)C(=CN2)CC(C(=O)O)NC(=O)C(CC3=CN=CN3)N,0.55272039,1.120584609,0.035590142,0.891940625,0.815210498,1.029123188
histidyltyrosine,515713,C1=CC(=CC=C1C[C@@H](C(=O)O)NC(=O)[C@H](CC2=CN=CN2)N)O,0.385088962,1.210779566,0.038723347,0.731082075,0.134232502,0.753428172
homocysteine,778,C(CS)C(C(=O)O)N,0.003038388,1.41462215,0.068233711,1.214741908,0.680787332,1.175961655
homoserine,12647,C(CO)[C@@H](C(=O)O)N,0.502952212,0.907763121,0.147261224,0.854571337,0.915178976,1.006787142
homostachydrine*,441447,C[N+]1(CCCC[C@H]1C(=O)[O-])C,0.695946616,1.071498277,0.205859341,0.709901585,0.881455323,1.047387646
hydantoin-5-propionic acid,782,C(CC(=O)O)C1C(=O)NC(=O)N1,0.058719844,1.527356916,0.242447866,1.310915043,0.618130888,0.834764249
hydrochlorothiazide,3639,C1NC2=CC(=C(C=C2S(=O)(=O)N1)S(=O)(=O)N)Cl,0.076996006,1.44973631,0.316438053,0.837512976,0.263784038,0.723256368
hypotaurine,107812,C(CS(=O)O)N,0.258745195,1.109421142,0.453580402,1.06269061,0.500996803,1.056041875
hypoxanthine,790,C1=NC2=C(N1)C(=O)N=CN2,0.444227505,0.917042716,0.505571098,0.880129132,0.82045974,0.94706514
imidazole propionate,6984337,C1=CN(C=N1)CCC(=O)[O-],0.825258241,1.032852869,0.526999323,0.921325307,0.214502264,1.394293514
indoleacetate,802,C1=CC=C2C(=C1)C(=CN2)CC(=O)O,0.537342121,1.157866483,0.573212506,1.08598741,0.446608122,0.891529014
indolelactate,92904,C1=CC=C2C(=C1)C(=CN2)CC(C(=O)O)O,0.069364522,1.340141262,0.577198208,1.05518059,0.591777711,0.88209508
inosine,6021,C1=NC(=O)C2=C(N1)N(C=N2)[C@H]3[C@@H]([C@@H]([C@H](O3)CO)O)O,0.098020757,1.284526373,0.648951956,1.03300335,0.782556178,1.015717575
inositol 1-phosphate (I1P),107737,[C@H]1([C@H](C([C@@H]([C@@H](C1O)O)O)OP(=O)(O)O)O)O,0.902325441,1.075217429,0.654198039,0.880132371,0.000206207,0.538426763
isobutyrylcarnitine,168379,CC(C)C(=O)O[C@H](CC(=O)[O-])C[N+](C)(C)C,0.383589563,1.126362134,0.667110061,0.962263313,0.953960469,1.028497857
isoleucine,791,CCC(C)C(C(=O)O)N,0.078484466,1.465725416,0.713754522,0.968686729,0.669487937,0.899996374
isoleucylalanine,417358,CCC(C)C(C(=O)O)NC(=O)C(C)N,0.138432466,0.863191885,0.793390097,1.045199952,0.104712181,0.841725725
isoleucylarginine,9900561,CCC(C)C(C(=O)NC(CCCN=C(N)N)C(=O)O)N,0.536198248,1.26179664,0.825688462,0.923333766,0.939320181,1.042789801
isoleucylglycine,342532,CCC(C)C(C(=O)NCC(=O)O)N,0.132535234,1.275876612,0.856656082,1.015948425,0.483085088,0.855286376
isoleucylhistidine,18218219,CCC(C)C(C(=O)NC(CC1=CN=CN1)C(=O)O)N,0.844673549,1.046134816,0.887474344,0.978371331,0.807305373,0.860884334
isoleucylisoleucine,13879965,CCC(C)C(C(=O)NC(C(C)CC)C(=O)O)N,0.63460551,1.057023055,0.930747199,1.006250431,0.425940079,0.952053923
isoleucylmethionine,17863274,CCC(C)C(C(=O)NC(CCSC)C(=O)O)N,0.643033831,1.099737824,0.088381709,0.890759318,0.747399546,1.06950015
isoleucylphenylalanine,435728,CCC(C)C(C(=O)NC(CC1=CC=CC=C1)C(=O)O)N,3.69E-05,1.855928055,0.008645336,1.462165614,0.889085961,1.070696448
isoleucylserine,14426033,CCC(C)C(C(=O)NC(CO)C(=O)O)N,0.042235566,1.643310903,0.045054805,1.137472309,0.879935444,0.979686124
isoleucyltryptophan,9797038,CCC(C)C(C(=O)NC(CC1=CNC2=CC=CC=C21)C(=O)O)N,0.011051755,1.607011917,0.154498256,1.099338417,0.798689171,1.054319519
isoleucyltyrosine,342468,CCC(C)C(C(=O)NC(CC1=CC=C(C=C1)O)C(=O)O)N,0.089320575,1.29974934,0.185109237,1.094180329,0.935262775,1.017643805
isoleucylvaline,449407,CC[C@H](C)[C@@H](C(=O)N[C@@H](C(C)C)C(=O)O)N,0.034218785,1.452183936,0.205883099,0.861615667,0.809363305,0.950112242
isovalerylcarnitine,169235,CC(C)CC(=O)O[C@H](CC(=O)[O-])C[N+](C)(C)C,0.643440818,1.1139412,0.240618672,0.596050299,0.936917347,1.019918393
kynurenine,846,C1=CC=C(C(=C1)C(=O)CC(C(=O)O)N)N,0.937407203,0.988365973,0.265404967,0.817080572,0.204015432,0.907594519
lactate,107689,C[C@@H](C(=O)O)O,0.651135498,1.06695616,0.275926882,0.899927182,0.424358107,0.851795465
laurate (12:0),3893,CCCCCCCCCCCC(=O)O,0.136602826,1.22669629,0.280461496,0.895636845,0.122018527,0.904876251
laurylcarnitine,168381,CCCCCCCCCCCC(=O)O[C@H](CC(=O)[O-])C[N+](C)(C)C,0.000843482,1.578818864,0.281430354,1.157486701,0.791613558,1.043749245
leucine,6106,CC(C)C[C@@H](C(=O)O)N,0.470502689,1.117222943,0.286513025,1.305011053,0.882910337,0.928043701
leucylalanine,259321,CC(C)CC(C(=O)NC(C)C(=O)O)N,0.004687975,1.931612203,0.314853914,0.695312079,0.21089086,0.817043725
leucylarginine,152914,CC(C)C[C@@H](C(=O)N[C@@H](CCCN=C(N)N)C(=O)O)N,0.780105583,1.04855142,0.366363951,1.448818715,0.159347498,0.776807763
leucylasparagine,4128305,CC(C)CC(C(=O)NC(CC(=O)N)C(=O)O)N,0.084795211,1.209496708,0.37984539,0.884572412,0.066229649,0.899901101
leucylglycine,79070,CC(C)CC(C(=O)NCC(=O)O)N,0.51633127,1.167432725,0.466084195,0.715293434,0.987459599,0.993801273
leucylhistidine,341684,CC(C)CC(C(=O)NC(CC1=CN=CN1)C(=O)O)N,0.01145737,1.535320694,0.523918181,1.047829435,0.808426415,0.965860876
leucylleucine,94244,CC(C)CC(C(=O)NC(CC(C)C)C(=O)O)N,0.009092346,1.527203301,0.618958006,1.034954649,0.681456145,0.951194767
leucylmethionine,118276,CC(C)CC(C(=O)NC(CCSC)C(=O)O)N,0.206910145,0.908771974,0.689945536,0.951670305,0.089666134,0.879860643
leucylphenylalanine,6992310,CC(C)C[C@@H](C(=O)N[C@@H](CC1=CC=CC=C1)C(=O)O)N,0.106159684,1.293683005,0.739505033,0.949295661,0.897357839,0.985659938
leucylserine,3621685,CC(C)CC(C(=O)NC(CO)C(=O)O)N,0.869017312,0.983026727,0.756107887,0.983103199,0.694701768,0.968077972
leucyltryptophan,329275,CC(C)CC(C(=O)NC(CC1=CNC2=CC=CC=C21)C(=O)O)N,0.652594841,1.032050762,0.759280294,1.05192541,0.650238367,0.893656474
leucyltyrosine,273262,CC(C)CC(C(=O)NC(CC1=CC=C(C=C1)O)C(=O)O)N,0.006978269,1.696192867,0.849300577,0.980895594,0.683734253,0.936864627
lidocaine,3676,CCN(CC)CC(=O)NC1=C(C=CC=C1C)C,0.211275504,0.854269904,0.853929799,0.957900118,0.637107724,0.887541599
linoleate (18:2n6),3931,CCCCCC=CCC=CCCCCCCCC(=O)O,0.531551754,1.073971242,0.88612882,0.981508275,0.631353382,1.1423545
linolenate [alpha or gamma; (18:3n3 or 6)],860,CCC=CCC=CCC=CCCCCCCCC(=O)O,0.916943202,1.033259042,0.089473104,1.240728558,0.599913626,0.864575679
lipitor,60822,CC(C)C1=C(C(=C(N1CC[C@H](C[C@H](CC(=O)[O-])O)O)C2=CC=C(C=C2)F)C3=CC=CC=C3)C(=O)NC4=CC=CC=C4.CC(C)C1=C(C(=C(N1CC[C@H](C[C@H](CC(=O)[O-])O)O)C2=CC=C(C=C2)F)C3=CC=CC=C3)C(=O)NC4=CC=CC=C4.[Ca+2],0.261781754,1.148101488,0.134664251,1.164387764,0.868356517,1.041878805
L-urobilin,5280818,CCC1C(C(=O)NC1CC2=N/C(=C/C3=C(C(=C(N3)CC4C(C(C(=O)N4)CC)C)C)CCC(=O)O)/C(=C2C)CCC(=O)O)C,0.499149892,1.046999115,0.410514945,1.076870449,0.255600432,0.841928706
lysine,5962,C(CCN)C[C@@H](C(=O)O)N,0.385441249,0.940678207,0.930119187,1.00788219,0.621466694,0.953258271
lysylleucine,4682588,CC(C)CC(C(=O)O)NC(=O)C(CCCCN)N,0.287091577,0.646511842,4.39E-05,1.441485462,0.555969964,0.682132679
lysyllysine,128837,C(CCN)C[C@@H](C(=O)N[C@@H](CCCCN)C(=O)O)N,0.44978899,1.320634909,4.45E-05,1.608644713,0.241213818,0.760806157
lysylmethionine,7016114,CSCC[C@@H](C(=O)O)NC(=O)[C@H](CCCCN)N,0.693955208,1.029195797,0.051015546,0.821973951,0.003912011,0.864021559
lysyltyrosine,14693924,C1=CC(=CC=C1CC(C(=O)O)NC(=O)C(CCCCN)N)O,0.431361998,0.833785534,0.053192258,0.317872691,0.50829913,1.572838251
malate,525,C(C(C(=O)O)O)C(=O)O,0.667788115,1.071463629,0.149403084,0.565548913,0.496060661,0.799134268
malonylcarnitine,22833583,C[N+](C)(C)C[C@H](CC(=O)[O-])OC(=O)CC(=O)O,0.547044987,1.147549211,0.206971067,0.693926984,0.886400928,0.983791108
maltohexaose,439606,C([C@@H]1[C@H]([C@@H]([C@H]([C@H](O1)O[C@@H]2[C@H](O[C@@H]([C@@H]([C@H]2O)O)O[C@@H]3[C@H](O[C@@H]([C@@H]([C@H]3O)O)O[C@@H]4[C@H](O[C@@H]([C@@H]([C@H]4O)O)O[C@@H]5[C@H](O[C@@H]([C@@H]([C@H]5O)O)O[C@@H]6[C@H](OC([C@@H]([C@H]6O)O)O)CO)CO)CO)CO)CO)O)O)O)O,0.00166591,0.72937998,0.213786836,0.800148779,0.585745287,0.889281088
maltopentaose,124005,C([C@@H]1[C@H]([C@@H]([C@H]([C@H](O1)O[C@@H]2[C@H](O[C@@H]([C@@H]([C@H]2O)O)O[C@@H]3[C@H](O[C@@H]([C@@H]([C@H]3O)O)O[C@@H]4[C@H](O[C@@H]([C@@H]([C@H]4O)O)O[C@H]([C@@H](CO)O)[C@@H]([C@H](C=O)O)O)CO)CO)CO)O)O)O)O,0.510149456,1.09597439,0.240082208,0.922632347,0.984733279,1.003417985
maltose,439186,C([C@@H]1[C@H]([C@@H]([C@H]([C@H](O1)O[C@@H]2[C@H](OC([C@@H]([C@H]2O)O)O)CO)O)O)O)O,0.036174747,1.290243114,0.253280264,0.916609939,0.554981815,0.961060847
maltotetraose,439639,C([C@@H]1[C@H]([C@@H]([C@H]([C@H](O1)O[C@@H]2[C@H](O[C@@H]([C@@H]([C@H]2O)O)O[C@@H]3[C@H](O[C@@H]([C@@H]([C@H]3O)O)O[C@@H]4[C@H](OC([C@@H]([C@H]4O)O)O)CO)CO)CO)O)O)O)O,0.592464565,1.158987062,0.355889006,0.903681903,0.236668395,1.145661618
maltotriose,439586,C([C@@H]1[C@H]([C@@H]([C@H]([C@H](O1)O[C@@H]2[C@H](O[C@@H]([C@@H]([C@H]2O)O)O[C@@H]3[C@H](OC([C@@H]([C@H]3O)O)O)CO)CO)O)O)O)O,0.973251727,1.00684389,0.43492488,0.83382897,0.118230297,0.80760559
mannitol,6251,C([C@H]([C@H]([C@@H]([C@@H](CO)O)O)O)O)O,2.20E-06,1.853990691,0.440948973,0.816840094,0.735471352,0.853898304
mannose,18950,C([C@@H]1[C@H]([C@@H]([C@@H](C(O1)O)O)O)O)O,0.5909337,1.177275272,0.478977771,0.826002079,0.184274647,0.710795359
mannose-6-phosphate,65127,C([C@@H]1[C@H]([C@@H]([C@@H](C(O1)O)O)O)O)OP(=O)(O)O,0.862246268,1.014398469,0.67974437,0.960471512,0.160172806,0.840697443
margarate (17:0),10465,CCCCCCCCCCCCCCCCC(=O)O,0.261561478,0.844621187,0.729461708,0.953615275,0.971956394,0.993621092
metformin,4091,CN(C)C(=N)N=C(N)N,0.683005826,1.091424285,0.787745404,0.964895802,0.665865278,0.944278485
methionine,6137,CSCC[C@@H](C(=O)O)N,0.408914978,1.090329114,0.798008557,0.978342795,0.36286717,0.961961126
methionylalanine,14878381,CC(C(=O)O)NC(=O)C(CCSC)N,0.659201475,1.181065231,0.871024434,1.027953526,0.992694646,0.99493662
methionylasparagine,333467,CSCCC(C(=O)NC(CC(=O)N)C(=O)O)N,0.786322469,1.020985851,0.972769347,1.003261432,0.076262737,0.652042721
methionylaspartate,17900030,CSCCC(C(=O)NC(CC(=O)O)C(=O)O)N,0.623818895,1.169257275,0.998939701,0.999630252,0.010320027,0.663018277
methionylglycine,6992930,CSCC[C@@H](C(=O)NCC(=O)O)N,0.316214729,2.967432786,0.252613884,0.575056208,0.056634808,1.64746496
methionylleucine,444206,CC(C)C[C@@H](C(=O)O)NC(=O)[C@H](CCSC)N,0.89441864,1.019701928,0.27551768,0.848324287,0.042456439,1.359548775
methionylphenylalanine,100048,CSCCC(C(=O)NC(CC1=CC=CC=C1)C(=O)O)N,0.740715411,1.060324186,0.280923437,0.113196828,0.962998424,0.976229908
methyl-alpha-glucopyranoside,64947,CO[C@@H]1[C@@H]([C@H]([C@@H]([C@H](O1)CO)O)O)O,0.504598196,1.205709501,0.034037931,0.58224778,0.235488798,1.463056825
methylglutaroylcarnitine,128145,CC(CC(=O)[O-])CC(=O)OC(CC(=O)O)C[N+](C)(C)C,0.852240418,0.972758275,0.016941538,0.686864455,0.479129013,0.813087853
methylphosphate,12691389,COP(=O)([O-])[O-],0.308528363,0.824992246,0.039064507,0.686600821,0.602313136,1.119726318
metoprolol,4171,CC(C)NCC(COC1=CC=C(C=C1)CCOC)O,0.353283842,1.06878878,0.144050695,1.114954992,0.559584183,1.163152067
metoprolol acid metabolite*,62936,CC(C)NCC(COC1=CC=C(C=C1)CC(=O)O)O,0.512385811,0.576905354,0.298180868,2.274147727,0.205148692,0.217491475
myo-inositol,892,C1(C(C(C(C(C1O)O)O)O)O)O,0.934180716,0.990303908,0.799472403,0.954259928,0.517602674,0.913145708
myristate (14:0),11005,CCCCCCCCCCCCCC(=O)O,0.102237019,0.498623047,0.905132711,1.06292364,0.440782894,16.60569812
myristoleate (14:1n5),5281119,CCCC/C=C\CCCCCCCC(=O)O,0.973454693,0.983608397,0.993123188,1.001922533,0.858907907,0.97037028
myristoylcarnitine,6426854,CCCCCCCCCCCCCC(=O)OC(CC(=O)[O-])C[N+](C)(C)C,0.344826248,0.919595705,0.14323119,1.150216872,0.631848825,1.101110933
N1-Methyl-2-pyridone-5-carboxamide,69698,CN1C=C(C=CC1=O)C(=O)N,0.478154214,0.839835686,0.315122657,0.039700786,0.403887036,0.633171678
N1-methyladenosine,27476,CN1C=NC2=C(C1=N)N=CN2[C@H]3[C@@H]([C@@H]([C@H](O3)CO)O)O,0.213147838,0.812213613,0.459841606,0.876991923,0.422869957,1.161209698
N1-methylguanosine,250902,CN1C(=O)C2=C(N=C1N)N(C=N2)C3C(C(C(O3)CO)O)O,0.015389245,0.587573702,0.536605549,1.38008191,0.948299601,1.020642332
"N2,N2-dimethylguanosine",601633,CN(C)C1=NC(=O)C2=C(N1)N(C=N2)C3C(C(C(O3)CO)O)O,0.86721176,0.913198134,0.772806034,0.907355996,0.658312111,0.872462782
N2-acetyllysine,192590,CC(=O)NC(CCCCN)C(=O)O,0.363600498,0.860875449,0.893743744,1.029295329,0.131165414,1.414667152
N2-methylguanosine,250902,CN1C(=O)C2=C(N=C1N)N(C=N2)C3C(C(C(O3)CO)O)O,0.089898296,1.699566082,0.006564913,1.212459466,0.639413044,0.887037709
N6-acetyllysine,92832,CC(=O)NCCCC[C@@H](C(=O)O)N,0.757057386,0.946670737,0.310571247,0.792931511,0.274031176,1.159682214
N6-carbamoylthreonyladenosine,161466,C[C@H]([C@@H](C(=O)O)NC(=O)NC1=NC=NC2=C1N=CN2[C@H]3[C@@H]([C@@H]([C@H](O3)CO)O)O)O,0.220234467,0.866161074,0.449966423,1.072162113,0.072237663,1.170159651
N-6-trimethyllysine,6992003,C[N+](C)(C)CCCC[C@@H](C(=O)[O-])[NH3+],0.218830971,1.705983679,0.671188353,0.938536265,0.343822685,1.522302546
N-acetylalanine,7345,CC(C(=O)O)NC(=O)C,0.440229234,0.738767398,0.016343046,0.522795579,0.922589124,1.037631208
N-acetylarginine,67427,CC(=O)N[C@@H](CCCN=C(N)N)C(=O)O,0.545738889,2.539563269,0.914727437,1.066645315,0.861908526,1.141918519
N-acetylasparagine,99715,CC(=O)N[C@@H](CC(=O)N)C(=O)O,0.00764074,0.674187086,0.000207454,0.567272311,0.719088048,0.931510401
N-acetylaspartate (NAA),65065,CC(=O)N[C@@H](CC(=O)O)C(=O)O,0.347348455,1.263014583,0.004047433,0.73720938,0.001505419,1.346748617
N-acetyl-aspartyl-glutamate (NAAG),5255,CC(=O)NC(CC(=O)O)C(=O)NC(CCC(=O)O)C(=O)O,0.198403925,0.684005752,0.163786616,0.751965397,0.285362999,0.627232071
N-acetylglucosamine,439174,CC(=O)N[C@@H]1[C@H]([C@@H]([C@H](OC1O)CO)O)O,0.935608672,1.008126861,0.189789355,0.921639865,0.216386255,1.14513566
N-acetylglucosamine 6-phosphate,150941,CC(=O)N[C@@H](C=O)[C@H]([C@@H]([C@@H](COP(=O)(O)O)O)O)O,0.704153859,0.911118957,0.23176257,0.627662,0.421094475,0.833132814
N-acetylglutamine,25561,CC(=O)NC(CCC(=O)N)C(=O)O,0.499017769,0.860977054,0.253791366,1.177536397,0.144423851,1.410502521
N-acetylglycine,10972,CC(=O)NCC(=O)O,0.617473523,0.926045097,0.338097335,1.161654607,0.977340543,1.005539362
N-acetylisoleucine,306109,CCC(C)C(C(=O)O)NC(=O)C,0.099117851,1.343692008,0.37539886,1.259280687,0.033236639,0.855639082
N-acetylleucine,70912,CC(C)C[C@@H](C(=O)O)NC(=O)C,0.867248816,0.98903349,0.443551756,1.064755524,0.041257153,0.823340367
N-acetylmethionine,6180,CC(=O)NC(CCSC)C(=O)O,0.650674381,1.022368257,0.466391909,0.969187675,0.000135479,1.179236981
N-acetylneuraminate,439197,CC(=O)N[C@@H]1[C@H](CC(O[C@H]1[C@@H]([C@@H](CO)O)O)(C(=O)O)O)O,0.625243481,1.066643211,0.516102186,0.904363016,0.54445642,1.058140558
N-acetylornithine,439232,CC(=O)N[C@@H](CCCN)C(=O)O,0.353606329,1.227127932,0.685934611,1.19305021,0.159513,1.403000681
N-acetylphenylalanine,74839,CC(=O)N[C@@H](CC1=CC=CC=C1)C(=O)O,0.733638797,0.900352482,0.710129081,0.960293443,0.008007297,0.8028008
N-acetylserine,65249,CC(=O)N[C@@H](CO)C(=O)O,0.017556627,0.859198017,0.712685891,0.974581598,0.091549125,0.806557185
N-acetylthreonine,152204,C[C@H]([C@@H](C(=O)O)NC(=O)C)O,0.045220035,1.454012722,0.788835319,0.966603314,0.702622376,1.028683764
N-acetyltryptophan,2002,CC(=O)NC(CC1=CNC2=CC=CC=C21)C(=O)O,0.26471911,0.90625919,0.984994415,1.001455015,0.576814749,1.105037397
N-acetyltyrosine,68310,CC(=O)N[C@@H](CC1=CC=C(C=C1)O)C(=O)O,0.051646106,1.542507861,0.627809011,1.174782823,0.502228773,0.787493974
N-acetylvaline,227752,CC(C)C(C(=O)O)NC(=O)C,0.134998808,1.578821606,0.70284601,0.921499753,0.271591228,0.762162353
naproxen,156391,C[C@@H](C1=CC2=C(C=C1)C=C(C=C2)OC)C(=O)O,0.080087122,1.611526775,0.84346843,1.038891258,0.24217858,0.75744613
nervonate (24:1n9),5281120,CCCCCCCC/C=C\CCCCCCCCCCCCCC(=O)O,0.313951116,1.1906083,0.452411016,0.882344574,0.929195322,1.015485871
nicotinamide,936,C1=CC(=CN=C1)C(=O)N,0.947514114,0.996417858,0.535302259,1.0265347,0.550107269,1.055410198
nicotinamide adenine dinucleotide (NAD+),5892,C1=CC(=C[N+](=C1)[C@H]2[C@@H]([C@@H]([C@H](O2)COP(=O)([O-])OP(=O)(O)OC[C@@H]3[C@H]([C@H]([C@@H](O3)N4C=NC5=C4N=CN=C5N)O)O)O)O)C(=O)N,0.299351997,1.122952921,0.117621948,1.209363319,0.473786031,0.926890784
nicotinamide adenine dinucleotide reduced (NADH),439153,C1C=CN(C=C1C(=O)N)[C@H]2[C@@H]([C@@H]([C@H](O2)COP(=O)(O)OP(=O)(O)OC[C@@H]3[C@H]([C@H]([C@@H](O3)N4C=NC5=C4N=CN=C5N)O)O)O)O,0.002534731,1.120001034,0.120852311,1.096484968,0.03918014,0.883541166
nicotinamide ribonucleotide (NMN),14180,C1=CC(=C[N+](=C1)[C@H]2[C@@H]([C@@H]([C@H](O2)COP(=O)(O)[O-])O)O)C(=O)N,0.009607571,1.164268345,0.123918672,0.954612949,0.067543793,0.827600862
nicotinamide riboside*,439924,C1=CC(=C[N+](=C1)[C@H]2[C@@H]([C@@H]([C@H](O2)CO)O)O)C(=O)N,0.17305466,1.151569846,0.148430232,1.10711347,0.875945053,1.007197042
nicotinate,938,C1=CC(=CN=C1)C(=O)O,0.017383538,1.112805707,0.475756766,1.042081881,0.264892245,0.883798522
nicotinate adenine dinucleotide (NAAD+),165490,C1=CC(=C[N+](=C1)[C@H]2[C@@H]([C@@H]([C@H](O2)COP(=O)(O)OP(=O)(O)OC[C@@H]3[C@H]([C@H]([C@@H](O3)N4C=NC5=C4N=CN=C5N)O)O)O)O)C(=O)[O-],0.000156481,1.52917794,0.549182489,2.891764498,0.472345648,0.713544998
N-methylglutamate,439377,CN[C@@H](CCC(=O)O)C(=O)O,0.027029781,1.337206968,0.651431609,0.966295639,0.951308666,1.003243833
octanoylcarnitine,439824,CCCCCCCC(=O)O[C@@H](CC(=O)[O-])C[N+](C)(C)C,0.673746236,1.045066142,0.891037092,1.026936706,0.301029207,0.92524481
oleate (18:1n9),965,CCCCCCCCC=CCCCCCCCC(=O)O,0.944653294,1.005707299,0.316695072,0.952553981,0.152781915,0.848607365
oleoylcarnitine,6441392,CCCCCCCC/C=C\CCCCCCCC(=O)OC(CC(=O)[O-])C[N+](C)(C)C,0.298821395,1.097369127,0.395379138,0.939744658,0.194024793,0.904681951
ophthalmate,193304,CC[C@@H](C(=O)N(CC(=O)O)C(=O)CC[C@@H](C(=O)O)N)N,0.139796331,1.155182851,0.511883343,0.927982509,0.200380358,0.900159085
ornithine,6262,C(C[C@@H](C(=O)O)N)CN,0.524765574,1.092232311,0.837769664,1.022827663,0.469501755,0.920028828
p-acetamidophenylglucuronide,83944,CC(=O)NC1=CC=C(C=C1)O[C@H]2[C@@H]([C@H]([C@@H]([C@H](O2)C(=O)O)O)O)O,0.029002661,0.847103092,0.992809442,1.000890198,0.335456364,0.821297308
palmitate (16:0),985,CCCCCCCCCCCCCCCC(=O)O,0.011375096,1.859468134,0.02248269,1.907803441,0.784595362,1.2334432
palmitoleate (16:1n7),5282745,CCCCCC/C=C/CCCCCCCC(=O)O,0.046244095,1.865453675,0.03469242,2.282359726,0.722743249,1.313817836
palmitoyl sphingomyelin,9939941,CCCCCCCCCCCCCCCC(=O)N[C@@H](COP(=O)([O-])OCC[N+](C)(C)C)[C@@H](/C=C/CCCCCCCCCCCCC)O,0.013730591,1.969905377,0.03610227,1.775664151,0.955552351,1.031831952
palmitoylcarnitine,11953816,CCCCCCCCCCCCCCCC(=O)O[C@H](CC(=O)[O-])C[N+](C)(C)C,0.039938448,1.554602516,0.046339304,1.350847068,0.67364243,0.803157512
pantothenate,6613,CC(C)(CO)[C@H](C(=O)NCCC(=O)O)O,0.506818869,0.881949841,0.091383285,0.819602798,0.073531177,0.78267755
paroxetine,43815,C1CNC[C@H]([C@@H]1C2=CC=C(C=C2)F)COC3=CC4=C(C=C3)OCO4,0.000989826,1.649073609,0.380037319,1.174941632,0.003581004,0.470728436
p-cresol sulfate,2879,CC1=CC=C(C=C1)O,0.59811389,1.15396337,0.564669534,1.132646973,0.269725653,0.910389751
pelargonate (9:0),8158,CCCCCCCCC(=O)O,0.189297285,2.363424823,0.587805247,1.153290444,0.63406659,0.856751766
penicillin G,5904,CC1([C@@H](N2[C@H](S1)[C@@H](C2=O)NC(=O)CC3=CC=CC=C3)C(=O)O)C,0.817627746,1.071110335,0.927431688,1.033088312,0.33399684,0.800456855
pentadecanoate (15:0),13849,CCCCCCCCCCCCCCC(=O)O,0.508183429,1.46149934,0.508451076,0.843575708,0.294516792,0.737904208
phenol red,4766,C1=CC=C2C(=C1)C(OS2(=O)=O)(C3=CC=C(C=C3)O)C4=CC=C(C=C4)O,0.423068124,1.125975402,0.658515577,1.073585223,0.620222797,1.177538373
phenol sulfate,74426,C1=CC=C(C=C1)OS(=O)(=O)O,0.774827823,0.941589038,0.017020188,1.335574143,0.725591369,0.924313385
phenylacetylglutamine,92258,C1=CC=C(C=C1)CC(=O)N[C@@H](CCC(=O)N)C(=O)O,0.045547769,0.834775599,0.09009882,0.79689524,0.810706885,0.961033063
phenylalanine,6140,C1=CC=C(C=C1)C[C@@H](C(=O)O)N,0.736282623,1.015187152,0.177209096,0.837356939,0.782730328,0.962683293
phenylalanylalanine,5488196,C[C@@H](C(=O)O)NC(=O)[C@H](CC1=CC=CC=C1)N,0.247415138,1.106424327,0.2274138,1.268211293,0.89302233,1.015945802
phenylalanylarginine,150903,C1=CC=C(C=C1)C[C@@H](C(=O)N[C@@H](CCCN=C(N)N)C(=O)O)N,0.202606122,1.209959184,0.324618309,0.926172408,0.84248024,1.037402905
phenylalanylaspartate,335051,C1=CC=C(C=C1)CC(C(=O)NC(CC(=O)O)C(=O)O)N,0.894515282,0.959486909,0.329177727,1.15819632,0.653796764,1.197285532
phenylalanylglutamate,151134,C1=CC=C(C=C1)C[C@@H](C(=O)N[C@@H](CCC(=O)O)C(=O)O)N,0.010013608,0.757464057,0.335675228,1.136952863,0.436803987,0.84934138
phenylalanylglycine,98207,C1=CC=C(C=C1)CC(C(=O)NCC(=O)O)N,0.868762538,0.982478024,0.336116039,1.135333599,0.161579489,0.857883454
phenylalanylleucine,4078229,CC(C)CC(C(=O)O)NC(=O)C(CC1=CC=CC=C1)N,0.971593662,0.997693987,0.359367417,1.093637395,0.539927641,0.941328153
phenylalanylmethionine,13890414,CSCCC(C(=O)O)NC(=O)C(CC1=CC=CC=C1)N,0.089003446,1.181308284,0.364834493,0.808321369,0.565173243,0.772813588
phenylalanylphenylalanine,6993090,C1=CC=C(C=C1)C[C@@H](C(=O)N[C@@H](CC2=CC=CC=C2)C(=O)O)N,0.578874515,1.027365836,0.407166027,0.950967732,0.517535411,0.946004632
phenylalanylproline,4069131,C1CC(N(C1)C(=O)C(CC2=CC=CC=C2)N)C(=O)O,0.866096858,0.982683848,0.409743709,1.2376063,0.407124933,0.891981665
phenylalanylserine,9859812,C1=CC=C(C=C1)CC(C(=O)NC(CO)C(=O)O)N,0.443953133,1.117346355,0.418096042,0.86080623,0.540537024,0.921296592
phenylalanyltryptophan,134906,C1=CC=C(C=C1)C[C@@H](C(=O)N[C@@H](CC2=CNC3=CC=CC=C32)C(=O)O)N,0.225995381,1.108914917,0.455522329,0.950635852,0.279831982,0.823971212
phenylalanyltyrosine,515709,C1=CC=C(C=C1)C[C@@H](C(=O)N[C@@H](CC2=CC=C(C=C2)O)C(=O)O)N,0.948187789,0.997008825,0.463974519,1.08536879,0.54593128,0.952094119
phenylalanylvaline,4096934,CC(C)C(C(=O)O)NC(=O)C(CC1=CC=CC=C1)N,0.376284248,1.06486589,0.467447972,1.076046353,0.052821849,0.776324131
phosphate,1061,[O-]P(=O)([O-])[O-],0.421458633,1.11123442,0.526040292,0.933025707,0.731699585,0.958833074
phosphoenolpyruvate (PEP),1005,C=C(C(=O)O)OP(=O)(O)O,0.759345335,0.978535109,0.531021393,1.106595467,0.94590187,0.992510633
phosphoethanolamine,1015,C(COP(=O)(O)O)N,0.03713882,0.894106475,0.532867407,0.919745338,0.963154771,1.004789869
phytosphingosine,122121,CCCCCCCCCCCCCC[C@H]([C@H]([C@H](CO)N)O)O,0.912249192,0.951329522,0.622147042,0.842438643,0.096990936,0.745970706
pipecolate,849,C1CCNC(C1)C(=O)O,0.736003589,0.956349599,0.655774612,0.917286417,0.076055114,0.742493654
piperine,638024,C1CCN(CC1)C(=O)/C=C/C=C/C2=CC3=C(C=C2)OCO3,0.918556711,0.991187902,0.669582675,1.097497471,0.797404324,1.035983116
pivaloylcarnitine,126894,CC(C)(C)C(=O)OC(CC(=O)[O-])C[N+](C)(C)C,0.546549626,1.038293725,0.793886664,0.96490682,0.86413236,0.976158135
pregnanediol-3-glucuronide,123796,C[C@@H]([C@H]1CC[C@@H]2[C@@]1(CC[C@H]3[C@H]2CC[C@H]4[C@@]3(CC[C@H](C4)O[C@H]5[C@@H]([C@H]([C@@H]([C@H](O5)C(=O)O)O)O)O)C)C)O,0.662155817,1.028314667,0.910796256,1.015557858,0.837733936,1.03535212
pro-hydroxy-pro,3952518,C1CC(NC1)C(=O)N2CC(CC2C(=O)O)O,0.260809568,0.886954138,0.026306217,0.571700072,0.062473268,0.79661374
proline,145742,C1C[C@H](NC1)C(=O)O,0.084902742,0.634057155,0.064120691,0.709157693,0.012936696,1.40897729
prolylglycine,7408076,C1C[C@H]([NH2+]C1)C(=O)NCC(=O)[O-],0.77149729,1.025919403,0.53867715,0.869643454,0.1741287,0.847877361
prolylmethionine,5233577,CSCCC(C(=O)O)NC(=O)C1CCCN1,0.309243468,1.204073142,0.559959732,0.919014217,0.548679183,0.925255253
propionylcarnitine,107738,CCC(=O)OC(CC(=O)[O-])C[N+](C)(C)C,0.203723239,0.529209257,0.672852207,0.821795523,0.944057334,0.968071475
prostaglandin A2,5280880,CCCCC[C@@H](/C=C/[C@H]1C=CC(=O)[C@@H]1C/C=C\CCCC(=O)O)O,0.053788091,1.237308055,0.784380622,1.029045386,0.439503779,0.931352716
prostaglandin E2,5280360,CCCCC[C@@H](/C=C/[C@H]1[C@@H](CC(=O)[C@@H]1C/C=C\CCCC(=O)O)O)O,0.048473704,1.226695596,0.882169987,1.01340517,0.328759282,0.769848923
pseudouridine,15047,C1=C(C(=O)NC(=O)N1)[C@H]2[C@@H]([C@@H]([C@H](O2)CO)O)O,0.694714012,1.037045878,0.003912454,0.764534019,0.559193985,0.858811906
putrescine,1045,C(CCN)CN,0.017457434,2.646977754,0.045989434,2.849333951,0.059869171,0.732634616
pyridoxal,1050,CC1=NC=C(C(=C1O)C=O)CO,0.30468705,1.261724431,0.123119761,1.127817013,0.920613778,1.010049278
pyridoxate,6723,CC1=NC=C(C(=C1O)C(=O)O)CO,0.115342785,1.289892239,0.134774762,1.338764426,0.046958102,1.220598902
pyroglutamine*,499,C1CC(=O)NC1C(=O)O,0.4860395,0.946778894,0.362575913,0.899873942,0.62039905,0.954145137
pyrophosphate (PPi),1023,OP(=O)(O)OP(=O)(O)O,0.982581103,0.99764821,0.573902899,1.072697531,0.305829964,0.898777608
quebrachitol,151108,COC1[C@@H]([C@H](C([C@@H]([C@H]1O)O)O)O)O,0.505788564,1.116389549,0.669028782,0.959300738,0.070468912,0.88866267
quinate,6508,C1[C@H](C([C@@H](CC1(C(=O)O)O)O)O)O,0.762814705,1.102344581,0.689886375,0.870571381,0.013173515,0.780194569
quinidine,441074,COC1=CC2=C(C=CN=C2C=C1)[C@@H]([C@H]3C[C@@H]4CCN3C[C@@H]4C=C)O,0.009968877,1.393942637,0.709407818,1.246681085,0.005953422,0.421304224
quinolinate,1066,C1=CC(=C(N=C1)C(=O)O)C(=O)O,0.423732011,0.868384422,0.880959995,0.964535458,0.377138602,1.147248226
ranitidine,3001055,CN/C(=C\[N+](=O)[O-])/NCCSCC1=CC=C(O1)CN(C)C,0.978604799,1.017115958,0.341110496,1.701040699,0.703410789,0.86706865
ribitol,827,C(C(C(C(CO)O)O)O)O,0.513380882,0.719457932,0.036516874,0.70416074,0.92887329,1.051568741
riboflavin (Vitamin B2),6759,CC1=CC2=C(C=C1C)N(C3=NC(=O)NC(=O)C3=N2)C[C@H]([C@H]([C@H](CO)O)O)O,0.292293052,1.261598579,0.15212561,0.799591445,0.734486575,1.199786447
ribose,5779,C([C@@H]1[C@H]([C@H](C(O1)O)O)O)O,0.219896882,1.464276612,0.510366109,1.184661492,0.721958547,1.150907598
ribulose,619,C(C(C(C(=O)CO)O)O)O,0.010657705,1.509509975,0.607656232,1.071685018,0.358189214,1.394383111
saccharopine,160556,C(CCN[C@@H](CCC(=O)O)C(=O)O)C[C@@H](C(=O)O)N,0.081067848,1.173453821,0.619623138,1.07464673,0.940243075,0.983893898
S-adenosylhomocysteine (SAH),439155,C1=NC2=C(C(=N1)N)N=CN2[C@H]3[C@@H]([C@@H]([C@H](O3)CSCC[C@@H](C(=O)O)N)O)O,0.703416285,1.049635522,0.711340129,0.948673112,0.881426153,0.961594975
S-adenosylmethionine (SAM),34755,C[S+](CC[C@@H](C(=O)[O-])N)C[C@@H]1[C@H]([C@H]([C@@H](O1)N2C=NC3=C2N=CN=C3N)O)O,0.149235161,0.589535519,0.294050621,3.181075251,0.019173148,0.406958164
salicylate,338,C1=CC=C(C(=C1)C(=O)O)O,0.335797719,1.044584175,0.3081526,0.86501966,0.394149171,1.048480735
sarcosine (N-Methylglycine),1088,CNCC(=O)O,0.021903413,0.804465277,0.725033415,0.938187839,0.041297378,1.260500388
scyllo-inositol,892,C1(C(C(C(C(C1O)O)O)O)O)O,0.997039955,0.9978639,0.766896699,1.170539237,0.885789955,1.104160309
sedoheptulose-7-phosphate,616,C(C(C(C(C(C(=O)CO)O)O)O)O)OP(=O)(O)O,0.124712063,1.568137732,3.66E-05,1.438504602,0.877606369,1.098031848
serine,5951,C([C@@H](C(=O)O)N)O,0.227834085,1.40687208,0.002674569,1.459967377,0.803742097,1.131460357
serylisoleucine*,71429009,CC[C@H](C)[C@@H](C(=O)O)NC(=O)[C@H](CO)N,0.000369972,0.415734015,0.0611809,0.659488542,0.904918041,0.943924384
serylleucine,13919048,CC(C)CC(C(=O)O)NC(=O)C(CO)N,0.722647997,1.050508406,0.205004156,0.767430605,0.445090101,0.877349893
serylphenyalanine,21285384,C1=CC=C(C=C1)CC(C(=O)O)NC(=O)C(CO)N,0.432544874,0.880675729,0.241342667,0.766111948,0.712668414,0.938744093
serylvaline,7020159,CC(C)[C@@H](C(=O)O)NC(=O)[C@H](CO)N,0.72900363,0.951326772,0.257480662,0.814312903,0.879642043,0.969831623
S-methylcysteine,24417,CSC[C@@H](C(=O)O)N,0.037642386,0.666421344,0.258303448,0.740170959,0.74653792,0.9003629
sorbitol,5780,C([C@H]([C@H]([C@@H]([C@H](CO)O)O)O)O)O,0.394127547,0.876009522,0.278476295,0.873903222,0.725824937,0.923203675
sorbitol 6-phosphate,21872877,C(C(C(C(C(COP(=O)([O-])[O-])O)O)O)O)O,0.530542763,1.085504754,0.284830836,0.851065994,0.69012072,0.933447191
spermidine,1102,C(CCNCCCN)CN,0.01206909,0.604283052,0.302829123,0.753752845,0.82901082,0.931447245
spermine,1103,C(CCNCCCN)CNCCCN,0.19572442,1.20492295,0.369702154,1.228629008,0.577953463,1.172794983
sphinganine,3126,CCCCCCCCCCCCCCCC(C(CO)N)O,0.458453848,0.882144509,0.424510184,0.85734893,0.699269016,0.926770118
sphingosine,31270,CCCCCCCCCCCCCC=C[C@H]([C@H](CO)N)O,0.698598133,0.963602771,0.46532296,0.884690573,0.977315238,1.010364942
squalene,1105,CC(=CCCC(=CCCC(=CCCC=C(C)CCC=C(C)CCC=C(C)C)C)C)C,0.062104325,0.688526473,0.543302469,0.815062161,0.751038112,0.952224567
stachydrine,554,C[N+]1(CCCC1C(=O)[O-])C,0.722886011,0.94507136,0.601755825,0.832394422,0.98877678,0.996445105
stearate (18:0),5281,CCCCCCCCCCCCCCCCCC(=O)O,0.425043559,0.84330604,0.609383302,1.132433748,0.050472059,0.620523946
stearidonate (18:4n3),25245840,CC/C=C\C/C=C\C/C=C\C/C=C\CCCCC(=O)[O-],0.810020595,0.977209089,0.673248144,0.932711036,0.375348596,0.880952003
stearoylcarnitine,6426855,CCCCCCCCCCCCCCCCCC(=O)OC(CC(=O)[O-])C[N+](C)(C)C,0.381519046,0.883678538,0.746577409,1.077688445,0.431494977,0.853322002
streptomycin,19649,C[C@H]1[C@@]([C@H]([C@@H](O1)O[C@@H]2[C@H]([C@@H]([C@H]([C@@H]([C@H]2O)O)N=C(N)N)O)N=C(N)N)O[C@H]3[C@H]([C@@H]([C@H]([C@@H](O3)CO)O)O)NC)(C=O)O,0.431482198,1.190731439,0.756508686,1.233297464,0.286118444,2.034385213
succinate,1110,C(CC(=O)O)C(=O)O,0.71346481,1.035549972,0.769510012,0.934692961,0.852846654,0.955365105
succinylcarnitine,439829,CCCC(=O)OC(CC(=O)[O-])C[N+](C)(C)C,0.569994088,0.903195182,0.789804786,0.937123008,0.827043654,0.982520015
tartarate,444305,[C@@H]([C@H](C(=O)O)O)(C(=O)O)O,0.227957376,0.842430809,0.84739007,0.952812417,0.420646126,0.899291282
taurine,1123,C(CS(=O)(=O)O)N,0.306517204,0.825685048,0.863121131,0.951859201,0.691281748,0.900569973
testosterone,6013,C[C@]12CC[C@H]3[C@H]([C@@H]1CC[C@@H]2O)CCC4=CC(=O)CC[C@]34C,0.096258594,0.730742581,0.94668885,0.962060498,0.205850283,0.733757631
theobromine,5429,CN1C=NC2=C1C(=O)NC(=O)N2C,0.319986923,1.166465989,0.122991443,0.778684683,0.965626173,0.992233053
threitol,169019,C([C@H]([C@@H](CO)O)O)O,0.934522969,0.974850658,0.170393191,0.746200608,0.713739178,1.179208498
threonate,151152,C([C@H]([C@@H](C(=O)O)O)O)O,0.017737933,1.125527009,0.186251978,1.201280785,0.077140251,0.801924255
threonine,6288,C[C@H]([C@@H](C(=O)O)N)O,0.009864188,1.318468814,0.331159213,1.160313829,0.880710947,1.072911235
threonylglutamate,20216788,CC(C(C(=O)NC(CCC(=O)O)C(=O)O)N)O,0.470979547,1.123522007,0.449936258,1.143808561,0.347993886,0.876635509
threonylleucine,7021828,C[C@H]([C@@H](C(=O)N[C@@H](CC(C)C)C(=O)O)N)O,0.041045945,1.12997267,0.476971153,1.150303341,0.921946068,0.976948746
threonylmethionine,7020165,C[C@H]([C@@H](C(=O)N[C@@H](CCSC)C(=O)O)N)O,0.022717243,0.771021096,0.486539267,0.876479569,0.538427468,0.912623019
threonylphenylalanine,4099799,CC(C(C(=O)NC(CC1=CC=CC=C1)C(=O)O)N)O,0.194497636,1.158615215,0.581016166,1.134306405,0.917881806,1.029683728
threonylvaline,7020902,C[C@H]([C@@H](C(=O)N[C@@H](C(C)C)C(=O)O)N)O,0.61590992,1.164167967,0.617429151,1.322814093,0.678433266,0.84188035
thymidine,5789,CC1=CN(C(=O)NC1=O)[C@H]2C[C@@H]([C@H](O2)CO)O,0.000946879,1.193430055,0.667928338,0.942920351,0.809253081,0.948882048
thymine,1135,CC1=CNC(=O)NC1=O,0.074018052,1.296453766,0.881733608,0.973125906,0.764473995,1.083962784
trans-4-hydroxyproline,5810,C1[C@H](CN[C@@H]1C(=O)O)O,0.30095428,0.935009448,0.938620328,0.98608845,0.49237443,0.904103052
trans-urocanate,5460052,C1=C(NC=N1)/C=C/C(=O)[O-],0.002711738,1.260626072,0.96394624,0.993787609,0.854045043,1.046049427
triethyleneglycol,8172,C(COCCOCCO)O,0.110631606,1.276968976,0.011083102,1.196248215,0.916210286,1.028801783
trigonelline (N'-methylnicotinate),5570,C[N+]1=CC=CC(=C1)C(=O)[O-],0.314987577,1.162350258,0.01499848,1.253169565,0.922347028,1.02734336
tryptophan,6305,C1=CC=C2C(=C1)C(=CN2)C[C@@H](C(=O)O)N,0.966922156,0.997942621,0.036213327,1.158911284,0.368460062,0.882274982
tryptophylasparagine,18218248,C1=CC=C2C(=C1)C(=CN2)CC(C(=O)NC(CC(=O)N)C(=O)O)N,0.482831249,0.726934852,0.097453221,0.520056004,0.329841192,0.608991799
tryptophylleucine,323786,CC(C)CC(C(=O)O)NC(=O)C(CC1=CNC2=CC=CC=C21)N,0.298818018,1.218423655,0.11706401,1.221101935,0.913503859,1.030073974
tyrosine,6057,C1=CC(=CC=C1C[C@@H](C(=O)O)N)O,0.386610517,1.125753028,0.130007654,1.161994596,0.956939871,1.01278176
tyrosylalanine,4078684,CC(C(=O)O)NC(=O)C(CC1=CC=C(C=C1)O)N,0.224412919,1.329193323,0.235587633,1.180220113,0.772346547,1.159636875
tyrosylglutamine,19421321,C1=CC(=CC=C1CC(C(=O)NC(CCC(=O)N)C(=O)O)N)O,0.086772346,1.186787048,0.26141839,1.068617458,0.735209351,0.92468675
tyrosylglycine,259323,C1=CC(=CC=C1CC(C(=O)NCC(=O)O)N)O,0.339994382,1.07619288,0.637369519,1.036328231,0.01519027,0.761126527
tyrosylhistidine,14717809,C1=CC(=CC=C1CC(C(=O)NC(CC2=CN=CN2)C(=O)O)N)O,0.555330776,1.116737521,0.692688329,0.890029082,0.552822636,0.890777896
tyrosylleucine,87071,CC(C)C[C@@H](C(=O)O)NC(=O)[C@H](CC1=CC=C(C=C1)O)N,0.116734993,1.618686467,0.771975335,0.906445942,0.746355238,0.940374981
tyrosyllysine,19786231,C1=CC(=CC=C1CC(C(=O)NC(CCCCN)C(=O)O)N)O,0.237196943,1.364999035,0.820560143,0.90382655,0.025305916,0.53344767
tyrosylphenylalanine,7009600,C1=CC=C(C=C1)C[C@@H](C(=O)O)NC(=O)[C@H](CC2=CC=C(C=C2)O)N,0.769574794,1.03664205,0.904517785,0.987239424,0.199868191,0.907904599
tyrosyltyrosine,5057430,C1=CC(=CC=C1CC(C(=O)NC(CC2=CC=C(C=C2)O)C(=O)O)N)O,0.003807239,1.310401114,0.999407722,1.000120342,0.983267679,0.995523135
tyrosylvaline,14767562,CC(C)C(C(=O)O)NC(=O)C(CC1=CC=C(C=C1)O)N,0.215610185,1.539848585,0.725016351,1.065661039,0.671983956,0.919585976
undecanedioate,15816,C(CCCCC(=O)O)CCCCC(=O)O,0.283562535,1.379161007,0.849722138,1.045779545,0.938757459,0.973763596
uracil,1174,C1=CNC(=O)NC1=O,0.463238709,1.215279321,0.003344815,1.552903463,0.140203655,0.493756792
urate,1175,C12=C(NC(=O)N1)NC(=O)NC2=O,0.16492756,1.181852052,0.007371,1.226231737,0.721012065,1.146592754
urea,1176,C(=O)(N)N,0.078443745,1.158446784,0.009561918,1.114627682,0.080894885,0.893138894
uridine,6029,C1=CN(C(=O)NC1=O)[C@H]2[C@@H]([C@@H]([C@H](O2)CO)O)O,0.833067418,0.985836151,0.011227968,1.170377132,0.439749549,0.908173003
uridine monophosphate (5' or 3'),6030,C1=CN(C(=O)NC1=O)[C@H]2[C@@H]([C@@H]([C@H](O2)COP(=O)(O)O)O)O,0.442987428,1.175950107,0.041017985,1.343897283,0.796113002,1.131211766
valerylcarnitine,6426903,CCCCC(=O)OC(CC(=O)[O-])C[N+](C)(C)C,0.004516357,0.741062455,0.079515244,1.144625428,0.180223762,0.786792689
valine,1182,CC(C)C(C(=O)O)N,0.093914547,1.234294276,0.110643213,0.897403058,0.31516068,1.237274451
valylalanine,334517,CC(C)C(C(=O)NC(C)C(=O)O)N,0.813227415,1.022084503,0.123640313,1.094630686,0.994173482,1.001397752
valylarginine,4266827,CC(C)C(C(=O)NC(CCCN=C(N)N)C(=O)O)N,0.437456825,1.128981147,0.142111711,1.141769339,0.956928132,0.983193896
valylasparagine,22419519,CC(C)C(C(=O)NC(CC(=O)N)C(=O)O)N,0.013538826,1.481320893,0.144689384,1.088867222,0.386065198,0.837437683
valylaspartate,9964657,CC(C)C(C(=O)NC(CC(=O)O)C(=O)O)N,0.729983978,1.05358507,0.167302798,0.921600506,0.790194243,1.039844735
valylglutamine,5253209,CC(C)C(C(=O)NC(CCC(=O)N)C(=O)O)N,0.000107498,1.305683922,0.169137388,0.929595723,0.357134159,0.872547734
valylglycine,136487,CC(C)C(C(=O)NCC(=O)O)N,0.310537756,0.89520838,0.18530131,1.156465056,0.687439067,0.898335047
valylhistidine,7408625,CC(C)[C@@H](C(=O)N[C@@H](CC1=CN=CN1)C(=O)O)N,0.097792974,1.251414259,0.203261389,1.087406053,0.095057874,0.875471212
valylisoleucine,5246013,CCC(C)C(C(=O)O)NC(=O)C(C(C)C)N,0.527606352,1.175584432,0.209415495,1.226587435,0.608486143,0.884854328
valylleucine,352039,CC(C)CC(C(=O)O)NC(=O)C(C(C)C)N,0.770999012,0.976341681,0.220604187,1.113234887,0.710029041,0.938158001
valyllysine,168058,CC(C)[C@@H](C(=O)N[C@@H](CCCCN)C(=O)O)N,0.281362856,0.935892762,0.225211288,1.110061244,0.672061057,0.910509839
valylmethionine,292427,CC(C)C(C(=O)NC(CCSC)C(=O)O)N,0.50096978,0.950428504,0.236252379,0.799551357,0.242802999,0.853645725
valylphenylalanine,144746,CC(C)C(C(=O)NC(CC1=CC=CC=C1)C(=O)O)N,0.160547406,1.158478604,0.239014891,1.168694159,0.42860789,0.857451173
valylserine,139506,CC(C)C(C(=O)NC(CO)C(=O)O)N,0.019948792,1.308072686,0.255757317,1.15915008,0.382941567,0.837264667
valyltryptophan,3360287,CC(C)C(C(=O)NC(CC1=CNC2=CC=CC=C21)C(=O)O)N,0.725609656,1.016328162,0.282687196,0.899588276,0.908075096,0.987827982
valyltyrosine,4065033,CC(C)C(C(=O)NC(CC1=CC=C(C=C1)O)C(=O)O)N,0.895134593,0.988173631,0.289152233,0.842996326,0.098210813,0.873105626
valylvaline,409682,CC(C)C(C(=O)NC(C(C)C)C(=O)O)N,0.263931209,1.409613024,0.301901463,1.122055926,0.71035856,0.918535533
vanillylmandelate (VMA),736172,COC1=C(C=CC(=C1)[C@@H](C(=O)O)O)O,0.882068838,1.008970225,0.30644097,1.092637697,0.874189758,0.96348223
venlafaxine,5656,CN(C)CC(C1=CC=C(C=C1)OC)C2(CCCCC2)O,0.046102922,0.814562296,0.337650679,0.895482773,0.220769138,0.832250089
xanthine,1188,C1=NC2=C(N1)C(=O)NC(=O)N2,0.488927976,1.201537403,0.34041787,1.235056453,0.636735723,0.962249841
xanthosine,64959,C1=NC2=C(N1[C@H]3[C@@H]([C@@H]([C@H](O3)CO)O)O)NC(=O)NC2=O,0.104364437,1.137114553,0.380587282,0.919817302,0.831938211,1.055077649
xylitol,6912,C([C@H](C([C@H](CO)O)O)O)O,6.17E-05,1.372491979,0.431116427,1.144057046,0.699135926,1.04227435
xylonate,6971042,C([C@@H]([C@H]([C@@H](C(=O)[O-])O)O)O)O,0.891960855,1.016123464,0.434230103,1.089723294,0.103852845,0.725549262
xylose,135191,C1[C@H]([C@@H]([C@H](C(O1)O)O)O)O,0.393961578,0.920025941,0.441547313,1.107782578,0.420346584,0.851811799
xylulose,22253,C([C@@H]([C@H](C(=O)CO)O)O)O,0.180655444,1.091283797,0.458127575,1.140230026,0.755736868,0.913255912
